
80016965
80003210
80021855
2040921
80068809
765384
406988
80083109
765384
80021855
80068809
80002333
02239815
80006299
00712507
80003210
80006299
00266086
80068809
80068809
765384
80000083
765384
2040905
2412950
02484218
2040905
02172909
80068809
406988
80000241
80016965
80002333
80003210
80068809
765384
80083109
765384
80002333
02399040
02408570
2040921
80026946
80062274

80000834
765384
455377
2040921
80021855
297666
02241137
406988
80004044
2438925
406988
122823
2040921
765384
80068809
80007620
765384
765384
80003210
80079321
80051702
406988
80002546
765384
80021855
80022872
80002617
80109866
2176955
80023637

80115940
80021855
765384
80002617
80076790

80000217
80021855
765384
2040905
02458144
02454130
80003210
80068809
80007620
80000083
80021855
765384
80007620
80021855
80068809

00426849
00026808
247855
02375508
80016965
765384
02484218
765384
00870218
406988
80002546
80068809
2040875
80001336
80039378
02151588
80002333
80038255
80021269
02151588
00782181
406988
80006299
80083109
00266086
80016965
80083109
765384
80079321
80019037
2040921
765384
2509067
410640
80009878
2489775
2439344
80126958

00426849

00026808
2521156
02408570
2544245
2470225
00532479
80068809
80006299
8002617
80023605
80002333
406988
02172909
765384
80016031
02479877
2406284
2443937
02474522
80015552
00532479
765384
80002333
80002546
02494035
80003210
455377
765384
80000834
80022550
80068809
2048965

02247147
2419173
02248450
00532479
455377
765384
2176955
406988
80022550
2439344
2537761
02484218
2404389
765384
2301733
559393
80044606
80016965
80021855
765384
80068809
2040875
80000286
406988
765384
80069493
02248743
406988
765384
2048965
2454130
2408570
2467887
80114395
80061769
765384
2237726
02507366
2509970
02439123
80083109
00532479
80006299
2443937
2354403
765384
406988
2040875
80041288
80016965
80002333
80083109
02243870
80002333
80000022
80083109
559393
02244993
765384
406988
80021855
2048965
80091696
80077540
80091698
80083109
765384
02475065
80016965
2172909
2176955

455377
80050594
741183
80003331
80016965

2242303
80018941
2040875
2172909

122823
80003210
2238397
406988
80030151
80000497
297666
554987
318973
80021855
765384
765384
2040875
80083109
765384
80016965
765384
02243870
80083109
00266086
80051809
02172909
02151588
02185938
407011
80068809
765384
2040875
80000023
80002333

559393
80068809
80064047
2040905
765384
80006299
80083109
00532479
2321696
2321696
2321696

2381494
2248347
00559407
2481685
80016965
80068809
80007620
765384
122823
80070693
2040921
80003210
02487381
02457865
02495155
2241634
93068

2237726
765384
559393
00026158
2318164

2172062
80083109
765384
02049732
80068809
765384
2441888
2241497
02171228
02459973
02446928
02427168
02443937
80006299
80016965
765384
02229620
80002333
80037638
02470241
80028197
765384
80016965
02239815
80006299
00266086
80068809
80083109
00179957
765384
765384
80083109
80016965
2429063
00532479
80016965
80006299
00532479
02239815
80029336
406988
765384
2435381
297666
2040921
554987
668427
80007620
406988
765384
80003751
02435462
02408570
02449811
406988
80007620
765384
80057626
02443937
02377233
2362406
02248692
406988
765384
2471469
80068809
80002617
765384
559393
00294322
765384
406988
02248743
80021855
2397714
2471469
80057587
765384
80024293
2172909
80021855
80003210
765384
02427168
80068809
80083109
559393
80083109
02427168
00833290
80016965
00266086
02247479
80013004
402753
02346486
2406020
2237726
406988
765384
2040921
80068809
2150328
158348
2555263
2443945

406988
765384
02487381
80003210
406988
765384
02230311
02248879
80083109
80000269
02049732
00266086
765384
80021855
80026946
80068809
765384
406988
455377
2040905
2040921
80085329
02243870
765384
2467860
02471469
02172909
80070693
765384
80068809
80002333


80007620
80068809
2237726
406988
765384
80018564
80001336
2040921
80003210
2040905
02318164
765384
80012564
80068809
2040875
02471469
80040726
455377
406988
765384
2241634
80083109
80015552
02408872
80083109
80003210
2040921
80068809
406988
765384
559393
80083109
80006299
80070693
80002617
765384
80068809
2328070
765384
2040875
559393
02245911
80083109
80006299
2406020
2176955
455377
765384
765384
80016965
80057587
80003210
406988
297666
80018564
80000011
80063083
122823
765384
80077322
80060302
80022550
2242303
765384
2172909
2493578
2322498
2451239
80021855
80016965
00179957
80009878
765384
80083109
2040921
80018279
765384
403059
80057587
2237726
2176955
80002617
765384
80083109
2040905
80032709
80068809
80090198
455377
80068809
02318164
2263211
2150328
2443937
2297302
297666
2040921
80021855
80004529
80057587
122823

765384
2040921
80000083
80007620
2245329
2471469
80068809
765384
00668184
00793167
2040875
80000083
80083109

2490323
765384
80068809
765384
02318164
765384
80021855
80070693
2176955
2040875
80002059
80008456
80017035
2483270
02464039
02246734
80003210
80063083
765384
80000083
80057587
297666
2040921
80023418
80021855
765384
297666
2467887
02471469
2439611
2521156
2435470
559393
02244993
765384
765384
80031644
80037243
80036328
80021855


01945254
02471469
2467860
80068809
765384
02318164
406988
80000111
80002701
80083109
80006299
80016965
2287404
2354403
765384
80068809
02317338
80057587
406988
765384
2048965
80003210
80043120
2265826
02435470
765384
80007620
80068809
455377
80003210
80083109
765384
80002333
02244896
406988
765384
80007620
2297574
765384
2471469
2461323

406988
80016965
80006299
80002546
80016288
80002333
80000111
80068809
02172909
80083109
80000111
00266086
80006299
122645
00426849
00532479
00217158
80033004
80068809
80126996
80026946
80057587
765384
559393
765384
80068809
2401053
765384
80064763
80063662
765384
80081824
80003210
80003210
80068809
765384
80021855
2172909
80089177
2048965
765384
80002333
2354403
559393
80044606
765384
1933531
80021855
80015552
2040921
122823
80003210
80009878
80000217
80021855
80025549
2176955
406988
2040921
765384
80068809
554987
297666
122823
80090198
80000011
668427
80002617
80018564
80003515
02446928
02245911
2150328
2460408
80021855
80058460
2040921
80069493
765384
406988
2385791
2387891
2467860
2385295
2481308
2408570


2040921
406988
80009878
2443937
02427168
80006299
02172909
2230090
80083109
765384
80021855
80070693
765384
00668184
02248743
02296713
765384
80002333
80043454
765384
406988
80123340
02243870
00532479
80083109
80000111
00833290
559393
632734
765384
80057626
2040905
2040921
765384
406988
80043454
80003210
02344025
2240835
2245669
2265540
02441853
02244993
00532479
559393
122823
765384
80021855
80003210
80007620
80016965
2172909
406988
765384
2271931
80041520
80035523
02231903
80002333
00266086
80006299
80070693
2451239
02516187
00477133
02475065
02483874
2468948
80007620
80068809
2040921
765384
80007620
406988
765384
2048965
00532479
2247937
2408570
765384
80016965
2321696
2414570
80068809
765384
80037638
80021855

80000083
80003210
2040875
80083109
765384
765384
406988
80002617
765384
406988
2449048
80002333
80068809
00643211
80012861
765384
455377
406988
2543192
2468913
765384
80083109
765384
80068809
80064047
2237726
80007620
80000083
406988
765384
2366665
765384
02049732
80021855
455377
80083109
2284383
765384
2470241
2487713
80015552
2383187
2321696
765384
00793167
406988
02151588
80083109
406988
765384
2040921
80000834
80000834
2505223
02471469
80068809
80083109
80000111
765384
2419173
2017709
2239941
02348772
02136090
2321696
2241634
2438453
2172089
2481685
2521156
2438917
02244993
80028197
00266086
00833290
80000286
80006299
80068809
80006299
80061769
02453614
765384
80021855
8002617
80068809
765384

00619086
80006299
02244258
80083109
00532479
00668184

2237726
765384
80002617
2407868
2246793
80006299

2531364
2435381
2040875
406988

80061769
559393
559393
2172909
80068954
455377
765384
765384
2237726
2480808
2481677
80083109
765384
765384
297666
80021855
80001088
2434660
80003966
765384
80068809
80003210
455377
406988
80021855
2040921
80009761
765384
406988
80068809
765384
80083109
80122357
02473291
80021855
80033317
2040921
406988
122645
00712507
80006299
80003338
80071439
2468220
80021855
80003210
765384
80000269
80083109

765384
80000083
02239815
80021855
765384
80012474
80126292
2040921

00833290
80068809
00266086
02427168
80006299
80091745
80125978
2040921

765384
406988
2555263
406988
297666
80021855
765384
80068809
406988
80002546
80003210
02229620
80083109
2040905
765384
02443937
1900668
02506564
02444844
765384
02231214
02321556
406988
765384
2040875
2241634
80003210
80007620
765384
2522861
765384
80002617
80021855
2403587
2451239
2438453


2172909
765384
80021855
455377
122823
2040875
80004873
80012983
80000083
80082691
80002854
406988
80007930
80080865

80091698
80091745
80091696
80077540
406988
765384
80070693
2040921
80021855
80080603

455377
80003210
02244993
406988
765384
765384
455377
80021855
80068809
02248130
02504987
00514535
02427168
02243870
00266086
02170671
02462850
765384
80021855
80068809
2451239
80043454
80003210
2040905
765384
2172909
80063083
80016031
02443937
02520303
297666
765384
2040875
2241634
2437570
02471469
2040921
765384
406988
02375087

80080396
80016965
2040921
80001290
2321696
80079427
80028731
80030564
2172909
2520303
2461331
765384
80017035
2040921
80016965
80009878
80083109
80132149
80057587
765384
80068809
80021855
765384
80083109
02245911
80003210
765384
2040875
80003210
2040921
765384
80009761
80068809
80039378
2040921
2408570
2354403
765384
2247439
02415305
2321696
765384
2040921
80021855
455377
80007620
80016965
80048427
80002546
80029717
406988
765384
80068809
80083109
765384
80003210
2172909
02435462
02247479
80006299
00532479
02475065
2241497
2245385
80000111
80068809
765384
2474522
02171228
80068809
765384
406988
80021855
765384
2040921
02171228
2245246
02245911
406988
80021855
765384
2446561
80004529
2040905
80039378
765384
2478595
02458926
02443406
02507366
2172909
2376016
02244993
02496941
02469634
21679
80017620
2267586


2172909
80068809
2040905
00619086
02239815
80027011
00266086
80083109
80006299
00782181
80003210
80002546
80002387
00532479
00504874
00668184
02484218
2040905
80068809
80083109
00532479
80002333
80000083
80000239
80000286
80006299
02239815
02462850
2040905
80003210
80044606
406988
80083109
765384
80068809
80005494
2499967
2426919
716731
765384
2172909
00026123
765384
80002333
80028055
80006299
765384
765384
80068809
2321696
80027142
80061769
765384
80083109
80003210
80000269
80061769
765384
80021855
80001336
80007620
80021855
24376
2412950
80028197
765384
80070693
2040921
8002617
80004529
80021855
2176955
765384
80068809
80001336
80021855
80003210
80105947
318973
765384
406988
2040921
80083109
1953826
765384
2393190
02248692
02230311
2241634
80001504
02240743
80009761
80068809
765384
406988
2040905
80009878
406988
80002617
455377
80068809
765384

80000022
765384
2422638
02471469
2441888
02446561
406988
80002333
80068809
02172909
80006299
00266086
80016965
80068809
80061769
00712507
02244993
2443945
2467887
80083109
765384
2241634
80006299
80002333
122645
80063083
80014978
80083109
2040921
80028055
80002333
80082111
80006299
406988
765384
80073640
80132807
02172909
80024281
80066318
02427168
02184788
02243870
80006299
02239815
80068809
2481685
2522888
02244993
765384
80006953
80044606
765384
80083109
2150328
80035134
80007620
406988
2237726

765384
80003210
80001336
765384
80002333
2494035
2408570
559393
455377
765384
80000083
02471469
765384
2048965
80083109
80021855
765384
406988

02244993
2407485
80024484
80000083
765384
02248752
02326795
80002333

80000111
765384
2040875
80000383
00122734
02172909
80003210
80007620
765384
122645
406988
80031239
122823
80021855
80007620
80003210
80046957
2443872
2237726
2301733
2496410
02245185
80083109
765384
2040921
765384
406988
02283905
2241634
02171228
2172909
406988
2435470
80002617
2471469
02496674
02429047
02464039
80021855
80007620
2423596
406988
765384
80068809
80021855
122823
765384
80083109
02475065
80006299
406988
02245911
80006299
00266086
80068809
80002333
80006299
80068809
80003210
80007620
2176955
406988
765384
80000083
80006299
80069493
80002333
02151588
80068809
02243870
80002333
00668184
02241144
02429039
80068809
765384
80000834
2456591
02244993
2467887
2471469
765384
765384
80000111
02435462
2237726
80068809
406988
2242303
2408872
765384
80016965
80043120
00793167
02470497
559393
80070579
00426849
2299585
2555263
765384
02245911
02151588
80007620
80003210
80001336
80068809
80006299
2237726
02446057
23949
2519348
02326795
02294583
2265540
2439603
765384
765384
80064047
765384
80057587

80125207
02172909
2352419
2481677
02462850
80003210
80001336
765384
406988
02427168
00266086
02243870
02239815
80068809
80003210
765384
02172909
80007620
80118400
80016387
2241634
80000083
80016965
02244993
765384
80068809
80007620
02244993
80002617
02230311
765384
80083109
80068809
2462486

2321696
80068809
765384
80016965
80002617
80001336
2040921
765384
80001336
80016965
406988
02454130
80016965
80036903
765384
80002333
00179957
80061769
80002333
2176955
406988
00668184
2393441
80068809
765384
80002333
02229620
02164256
02172909
02471469
02456575
2241497
2245385
02487381
2150328
765384
765384

80021855

406988
765384
2040875
2434652
765384
2409291
02346486
2439786
02296713
02316986
02239517
2406586
2172909
80021855
765384
406988
80002546
80000079
2364336
02530708
2457741
2297558
02162822
02533200


2461528
765384
80021855
02440628
80007620
80001336
80026946
80068809
765384
80082827
2040921

00693502
80003210
80007620
80021855
2241634
406988
765384
297720
80063083

765384
80021855
455377
80002546
318973
765384
80068809
2040921
2176955
80016965
765384
80027419
2467860
80068809
765384
2245386
2299585
80068809
406988
80002617
80083109
2172909
80028260
80106415
02481057
765384
80016965
80071439
80004529
765384
455377
80021855
80068809
80003210
2048965

80021855
80003210
765384
406988
765384
80006299
02427168
2040921
80006299
80016965
80000834
765384
765384
80079321
297666
80068809
02233407
00266086
80006299
80002333
80083109
00532479
2461536
80003210
80083109
765384
2243919

80003210
2172909
80021855
80021855
765384
80007620
80000111
80002333
2425610
2150328
455377
80068809
765384
716618
765384
80003210
80016965
80068809
122823
765384
80083109
02245911
80006299
02497581
2248103
80083109
765384
80021855
80000083
2370611
2456338
2487721
2403587
80051438
559393
2040921
80027969
406988
2017849
559393
80014988
2176955
80006299
02151588
80000111
80083109
2469898
02471469
80083109
765384
406988
80000022
80002333
2519380
2245386
2247439
80068809
02244993
80016965
765384
80000083
406988
2237726
2176955
80021855
80003210

02471469
02454130
02443937
02282445
559393
00793167
80016965
2040875
632724
80083109
02243870
80002333
80068809
765384
80021855
80083109
00532479
02229620

02245689
02474522
2484870
2150328
80000083
80000011
765384
2285169
00217158
02467860
2229704
2443945
80043454
80001336
765384
02443945
2471469
02444844
765384
80044606
02439913
2322498
2451239
80007620
80123340
122645
02243870
00266086
80068809
02245911
765384
80000011
80002617
406988
80083109
80016965
765384
2150328
2321696
80021855
765384
02443937
00532479
406988
80083109
765384
02237688
406988
2150328
80068809
80007620
765384
2443414
80007620
2040921
765384
02484218
2040875
80002333
765384
02233146
765384
80021855
80068809
80007620
80001336
02446057
765384
80003210
80041845
765384
80083109
80068809
765384
02231214
80021855
80046635
80041520
02049694
455377
02237425
80004815
00532479
80001336
80067448
02441888
80016965
80003210
765384
80006299
02427168
406988
80002333
406988
00266086
2470225
2544245
80003210
765384
2150328
80068809
80003210
122823
765384
765384
80103207
80000022
765384
80007620
02449811
80083109
765384
80016965
765384
80007620
01945254
2092832
2245523
00532479
02231214
00426849
406988
765384
80028197
02248743
02458640
80003210
765384
455377
80052738
765384
455377
02223546
80006299
02427168
80083109
80000023
80002617
80068809
80021855
765384
2241634
80027419
559393
765384
2487721
765384
80021855
2496518
2237726
765384
80068809
80002333
02239815
80006299
00266086
80083109
00532479
80006299
00266086
80003210
02239815
2337975
2251582
2080052
2389169
2467860
02232497
80001088
02434334
455377
406988
765384
122823
80003210
80057587
80068809
2481677
765384
80083109
80016965
80003210
80028197
2176955
765384
406988
2322498
2239766
80102255
2040905
80039010
80070693
80028102
80084359
80057587
80029023
80000269
80068809
80021461
80003210
80021855
80041899
80000834
80072574
02435462
80068809
2354403
765384
2471469
80068809
406988
80021855
2496356
2408570
2481685
765384
559393
2451298
2393190
765384
00833290
80081824
80076790
80067448
2040921
80083109
02243870
80003210

02233146
406988
02244993
2521156

2322498
2418940
2176955
80003210
80068809
765384
765384
455377
122823
80021855
80001336
80002333
765384
80068809
02458144
02244993
2298589
2412691
2383187
80068809
455377
765384
80003210
2040875
765384
02245911
80001336
765384
2237726
2455323
02282445
2466767
80007620
80000269
80016031
80000286
406988
02049732
765384
559393
80021855
2040921
765384
297666
80039378
80047274
80003210
406988
80083109
80068809
02243870
2443937
2464985
80039378
2471469
02518732
02432889
80083109
765384
80043120
2040905
406988
765384
455377
80000269
2040921
80039378
80057587
80002617
2468581
765384
80068809
02244993
80016965
00532479
80006299
00179957
765384
2408570
80001088
2467860
765384
80068809
2414805
80068809
80003210
765384
122823
406988
80021855
80000083
80000834
2172909
80000111
02443937
2446928
02459973
02309858
2468565
2353687
765384
80057587
80001336
2040921

02404044
02492598
02427206
80068809
2040905
80000834
2176955
765384
80021855
80068809
80000111
80010367
80083109
80021855
80068809
765384
122823
80003210
80021855
455377
80043532
80038108
765384
80070693
80001336
80039461
80030151
80029023
80123645
406988
80125205
2423596
80083109
80068809
2172909
80021855
80015552
297666
765384
406988
80068809
80000269
02165503

2438917
02241689
80006091
80068809
80083109
02284383
2464012
765384
80016965
2048965
765384
00039365
80068809
80000022

2487721
2470241
2040905
80068809
80021855
80057587
80003210
2172909
80061769
80068809
02049694
455377
80021855
765384
407011
02248692
80083109
2383187
02427168
80068809
80001336
80002333
765384
02191180
2419882
2441888
80007620
02245911
80057587
80068809
2449811
80030004
80026860
559393
00504874
122823
02480948
80043120
80033279
80002333
80017035
02172909
559393
80021855
765384
02519712
765384
80044606
80018564
80002617
02484218
02238873
765384
122823
80021855
80000083
2481693
362166
2371979
2040921
2172127
2246860
2024217
2370921
2415305
80068809
2321696
765384

765384
765384
2040875
80002333
765384
02443937
02467860
02471469
765384
00179957
02471469
2467860
2237726
02443937
80068809
02427168
80006091
80000083
02162822
02123274
02326795
406988
80083109
80017035
80003210
765384
80018564
02481057
765384
80003210
2040921
80068809
2040921
455377
80021855
2321475
02385813
2412691
02309858
02326795
2362406

02351420
02425483
80002333
80006299
00266086
406988
80002617
765384
02495562
2176955
80068809
80021855
406988
765384
2172909
2242303
80078274
02151588
80068809
00266086
80006299
2414201
02309858
02381176
765384

2470225
406988
80026813
80028197
2172909
765384
2458667
406988
2443937
765384
80003210
80043120
2237726
02244993
80021855
80003210
765384
80006299
80071439
765384
2471469
559393
80068809
80083109
765384
80048427
559393
2495805
80003210
765384
122645
80068809
80021855
765384
80000111
80002333
80007620
406988
02049732
455377
2040905
02243870
02427168
02471469
2443937
2241634
80003210
765384
122823
765384
80068809
02247911
00266086
80083109
02243870
80057587
765384
765384
406988
02245389

80068809
02243870
2457741
02243300
80061769
02443937
2475804
02244993
2427826
2337983
2281228
613215
2247934
2446936
2435470
2458659
765384
80021855
2240266
80043120
02244993
2531402
455377
406988
80021855
765384
02240134
80055794
80075159
80000041
2176955
80041715
2507374
2313553
2518058
2040905
80068809
2237726
80001088
2407485

455377
80001336
80083109
765384
2301733
765384
02240409
80021855
2040875
80070693
406988
765384
80068809
455377
2040905
765384
765384
765384
80021855
80001336
80083109
80003210
80068809
02443937
02471469
406988
80000834
765384
80068809
2470225
765384
02244993
2481677
2443937
02309858
80068809

80043658
80083109
02172909
8002617
80021855
80100445
80096979
2370611
80070693
122823
396788
2427966
2244613
765384
2408570
2471469
765384
406988
2460653
00426849
80083109
765384
406988
00532479
02243870
00712507
80068809
716618
406988
122645
765384
80021855
80003210
2040905
455377
80016031
80002333
765384
80007620
765384
80006050
406988
765384
02172909
80030062
406988
2426153
00266086
80068809
80006299
80070693
02239815
02151588
00833290
80007930
00668184
80016288
765384
80021855
80046852
02255316
00026808
2466759
2471469
765384
02471469
02467860
765384
02245911
2500582
80068809
80003210
80002546
80001088
80031220
765384

02171228
2265540
2440342
2481545
765384
02424401
02360594
765384
80000111
80001847
80006299
80068809
2321696
80007620
80021855
80000834
559393
80016965
80007620
765384
2040905
80068809
455377
80002333
765384
80002333
765384
80000111
2478374
2457784
2341107
2172100
2172070
2352419
80007620
765384
80063083
80008456
80048374
80000346
80003737
80021855
80000241
2176955
2243119
554987
80002617
297666
80080212
2040921
80116382

80008658
80107257
80068809
80138551
80041845
765384
01926799
80068809
80006091
80002333
02243870
80007620
80068809
80003210
455377
80095743
2172909
765384
80002617
455377
80094914
80002333
80044606
80007620
02443937
80006299
02460408
02429446
80083109
2172909
2040921
406988
2176955
80003210
765384
80086912
2040921
80026561
406988
765384
80016965
2040905
455377
80000269
80003210
765384
80000111
80001847
00266086
80003210
455377
80068809
765384
80003210
80113473
80096859

80023238
80021693
2172909
80111021
80044329
2172909
80119041
80039378
80026561
80046602
554987
765384
2040921
80005413
80032438
80000018
765384
02243870
02458241
406988
80083109
765384

80021855
02151588
02239815
765384
80070693
80035523
02231903
741183
741183
765384
80113032
80068809
765384
406988
80001336
80003210
2456621
2504065
80083109
765384
2241634
2040921
2555263
2167840
406988
765384
2040921
2172909
80003210
765384
80021855
80007620
765384
2241634
00485837
2522861
80016965
2548089
2321696
559393
80078519
80031154
80016965
80003210
2176955
2040921
00426849
80002617
80035260
2366703
765384
80068809
80003210
80021855
80016965
00266086
00782181
80003210
80068809
02241332
80021855
765384
765384
80021855
00532479
80021855
765384
80002333
80016965
765384
80007620
2471469
2444844
2509067
80054325
80016965
765384
2454130
2412969
2328488
2522888
2494515
455377
765384
80083109
2040921
80015552
00532479
765384
455377
80030444
80068809
80003210
2248570
02446561
80068809
00426849
02241332
765384
406988
80068809
80066848
80095022
80127940
80069493
80083109
80021855
765384
2241634
2481685
2521156
2237726
765384
80001336
406988
455377
02439026

80031321
02184788
80057587
2176955
455377
80026948

2040921
80048384
00793167
80002617
2437570

2499401
2505215
2322498
2493578
80089299
80001088
765384
80043211
80000677
80031890
80117281
406988
80124490
80003331
80034798
80068809
297666
80021855
2040921
80001336
80039378
2040921
80016397
51292
80111722
2242303
2242303
02470241
80003210
80016965
2040905
765384
80039378
00362158
02282445
2470241
2471469
2471469
80083109
765384
02443937
765384
2433869
765384
2040921
80083109
80000286
2040921
765384
406988
80068809
80012474
00266086
80002333
00532479
02239815
80021855
80009878
80051589
80021250
80072926
80002546
02244993
80068809
765384
765384
80001336
80003210
2040905
80016965
02172909
2474522

80000834
80083109

2443937
80007620
80021855
80071480
02465353
80003210
765384
80079321
765384
2412969
2172909
80004529
80003210
80081824
80055392
765384
2040905
00037613
02224690
2150328
2434660
2412969
765384
406988
80003210
765384
2444844
2172909
765384
80002617
2040921
80018564
455377
551945
80064671

2244141
80061769
765384
80083109
80003210
765384
406988
80039378
80002546
2457784
2237726
2481677
765384
80075623
80007620
80061769
455377
2315955
80039354
00404160
2040921
80051809
80002333
2172909
406988
02184788
80007251
80023808
02243870
80070693
02429039
765384
406988
80003210
2422115
80068809
80083109
765384
80001219
00092010
02427168
2040875
406988
00266086
00833290
00782181
02243870
80002333
80083109
80000286
80006299
80002333
02449935
2454130

2555263
765384
02248879
80014464
80083109
80068809
2040905
765384
02427168
02239815
02243870
80002617
80024484
2237726
406988
765384
455377
765384
80061769
80043454
559393
2172909
2483319
2467860

2242303
765384
80065860
80057587
80070693
2040921
80060802
80083109
80059963
80048099

80048818
80039378
80047274
80061769
80002546
02237449
80002333
80000269
765384
765384
80068809

80111945
80001646
80003210
2443945
2471469
02244993
765384
559393
765384
80068809
80002333
765384
80007620
406988
80016965
80003210
80068809
80037227
407011
765384
80001336
765384
80083109
00693502
02151588
02248743
80021855
80068809
2432919
2458640
80016965
80083109
765384
80021855
765384
80003210

765384
80002617
406988
765384
00668184
00532479
80070693
02413477
80016965
455377
02244993
765384
80068809
455377
80003210
765384
80083109
80068809
80006299
80070693
80087954
2432927
80029633

765384
80011780
406988
2241634
765384
80021855
2443945
2463571
2467887
2471469
2040875
765384
2241634
80024482
80021855
80030423
765384
00532479
02479419
02243870
00266086
80083109
2471868
80068809
80006299
80063858
80068809
2426153


80002333
02239815
00266086
00532479
80006299
559393
2040921
80063083
765384
80083109
765384
80072240
80057587
80083245
80030245
297666
80091339
2040921
80076066
80033913
80020795
2241634
80006299
2435381
80000083
318973
80068809
122823
80083109
765384
2237726
80003210
765384
80000011
80068809
80057587
80030151
80007405
80026946
80068809
765384
80021855
80083109
2237726
2017849
80073687
559393
02243919
80033279
00851736
80025898
80007620
765384




02427168
80002333
80006299
00833290
00532479
80068809
2509415
80002617
80031738

02299585
80109697
80002333
765384
80068809
80018564
765384
2040905
406988
80003210
2468840
765384
02245911
02435462
2401142
02408570
02441888
80032608
765384
2040921
2176955
02427168
80002333
00266086
02243870
00426849
00833290
80000111
80068809
02243870
00782181
00619086
406988
80083109
80006299
80002333
80016965
122823
80021855
765384
80083109
80068809
80083109
2176955
80021855
02237425
80007930
765384
02172909
02151588
406988
80026561
00477354
2243588
2150328
2301407
2481693
80016965
406988
765384
00477133
2412969
765384
765384
02151588
2172909
80039378
80047274
782696
765384
80021855
02229620
765384
406988
765384
80018564
80051589
02162822
2443937
765384
2451239
02243870
02283905
80017035
80003210
765384
765384
455377
2040905
80003210
765384
80083109
2040921
455377
80003210
02240409
2241634
80021855
765384
2040921
2237726
2460920
765384
80050148
80002333
80068809
80083109
02243870
406988
80002617
406988
765384
80068809
2176955
80006299
00266086
80085143
765384
80002943
80002333
765384
80017035
2248570
2407485
2406020
2304333
2243880
2237726
80000269
80002617
80068809
80007620
2040921
80022550
765384

765384
2176955
80003210
80068809
80068809
80023605
2040905
406988
765384
2237726
80006299
80002333
80068809
2408570
80021855
80083109
2040921
765384
309702
406988
80003210
2040921
2176955
80003210
406988
765384
02484218
02244993
765384
2176955
80041595
80068809
765384
80035523
455377
02151588
80002333
80068809
80068809
80006299
02427168
80068809
765384
406988
2213672
80054989
80077572
80083109
80028238


80068809
765384
2172909
2040921
80068809
02243870
765384
2048965
80001544
2040905
765384
80068809
80044606
2393360
80068809
02427168
2241148
02456575
406988
765384
80068809
02495155
80068809
765384
2040905
80021855
80021855
765384
80068809
2444844
80083109
80081873

455377
765384
2176955
2172909
2040921
80005966

2493578
2481685
765384
80083109
406988
80003210
00532479
80002333
80021855
80075460
80002617
80018564
80068809
02244993
765384
80021855
80064047
765384
2040905
765384
406988
80021855
765384
80004529
406988
2508672
2483319
2467887
2241634
80000834
80063083
765384
2176955
80002617
80057587
2040921
559393
80001336
80007620
80068809
2040921
80007620
80003210
765384
02439662
80026946
406988
80030151
80004529
80083109
765384
80003210
455377
2040921
80021855
80082827

80006299
02049732
80070693
80006299
02245911
765384
80083109

2444275
559393
765384
2237726

765384
80062764
80021855
80002333
765384
80083109
02443937
02471469
765384
2048965
00532479
80068809
765384
1933531
2301733
80039378
2172909
765384
80061769
2242303
2244204
02243870
00782181
80002333
00266086
02394839
2294745
765384
122645
00532479
80068809

2363399
02282445
717002
2325462
80068809
80083109
765384
80003210
80030423
80083109
2040921
765384
80068809
02254719
00532479
80006299
406988
00266086
2248103
80001336
80003210
455377
80016965
765384
122823
02172909
80083109
80070693
80009136
80021855
80068809
80030236
765384
80061769
80026946
80001336
80016965
455377
765384
406988
2172909
2470233
80009133
80000269
80003210
80021855
765384
80047274
80039378
80044477
2357402
2408570
2494280

80077206
02476576
02449056
765384
2040875
2040921
80003515
80003210
80000083
2172909
02507366
80021693
2176955
80002333
765384
80068809
80006299
80012474
02495562
80068809
80083109
765384
455377
80068809
765384
80003210
80056772
80042633
80007620
765384
00026808
765384
765384
80006299
80063083
00266086
80063083
80021855
765384
80068809
80068809
80016288
02171228
80068809
02240743
80004884
765384
2443945
2471469
80057587
765384
2048965
765384
406988
02151588
80006291
2026767
765384
765384
2412950
2237726
765384
425362
80068809
765384
00532479
80002546
2269198
80021855
80000776
80007620
765384
80068809
765384
80006316
80003210
765384
80068809
80006299
02240743
765384
406988
2048965
2475804
2040905
2040921

2040875
2468573
765384
406988
80006050
80068809
00793167
02243870
406988
00266086
02239815
80010396
2040875
80006299
00833290
80002546
80000111
80083109
00532479
80006299
406988
80057587
00833290
02432919
80021855
765384
80007620
80068809
80003210
765384
2040875
02471450
80003210
80003210
765384
80016965
2245329
2223511
80079406
2172909
2040921
716618
80068809
80000269
765384
80083109
765384
80068809
80003210
2040921
765384
80057587
765384
406988
02439026
455377
765384
80002617
2172909
80021855
122823
765384
455377
80015411
80068809
80021855
765384
2241634
455377
765384
80083109
2040921
80014401
406988
80006299
02244993
80057626

02243870
765384
406988
80002333
765384
80021855
80006050
02454130
2459779
2150328
80083109
02243870
80068809
2408570
765384
2176955
406988
80018564
80007620
80003210
80021855
80057587
80061769
80068809
406988
80064047
80021855
80068809
765384
2040905
80039378
80023482
80028364
02049732
80002333
80006299
406988
80083109
2040921
80068809
765384
80083109
2412950
02171228
02043394
00712507
2040921
765384
80068809
80000269
80002617
2040905
455377
765384
2172909
80109697
02318164
765384
765384
80069493
122823
02172909
80007620
00532479
406988
765384
80021855
80068809
80002617
765384
765384
80002333
80014978
80021855
80002546
00833290
80033805
02441853
2040921
765384
26123
406988
80016965
80001336
2172909
80003210
2040905
80021855
2040905
765384
80015586
2241497
02244993
80003210
80002701
765384
80021855
765384
80002333
2477726
2248811
2485419
2256150
80021855
765384
80007620
765384
02443937
2461528
80007620
2040921
765384
80068809
80021855
80003210
00712507
80002333
122823
00833290
00266086
80002333
80006299
80002546
2040921
80043120
80000083
765384
80003210
2521849
2439344
2496496
2529653
2294745
716863
455377
2040921
765384
80063083
2172909
80027907
80057587
765384
80003210
765384
2172909
2040921
02244993

2407329
80021855
80003210
80068809
765384
2040921
80083109
2354403
559393
80083109
80006299
80039378
80000111
406988
00532479
00782181
80003210
2506564
765384
2040875
80009878
80021855
2403986
80068809
80003210
765384
80067336
406988
2040921
02243919
2321696
80003210
80043454
765384
80000269
2048965
80057587
406988
80068809
00266086
80006299
80068809
80026561
80007620
765384
80021855
2487381
80006299
80083109
80068809
80003210
80089523
2040921
80119667
765384

80003210
02243300
80007620
765384
80001336
02427168
80001088
80002333
80083109
00668184
122645
80006299
80027193
02471469
765384
80061769
80068809
80016965
2040921
455377
80003210
2321696
765384
765384
80021855
2040875
765384
02435462
2493578
02424401
02497581
02471469
02456575
765384
00532479
2415305
80003210
765384
80118400
455377

80021855
765384
02239815
02243870
02164256
80009878
80002648
2040921
297666
2172909
765384
02439026
80068809
765384
2231603
2292165
559393
80068809
80083109
80009878
02300524
02284847
2240835
765384
80007620
80068809
80002333
80021855
02427168
02446928
00426849
02446057
80083109
80002333
02427168
00532479
765384
2465574
765384
2412969
80068809
406988
80001389
80007620
2040905
80000834
765384
80003210
455377
80001336
122823
80018564
765384
297720
80003210
765384
80021855
80037102
455377
80003210
80124490
00532479
02244257
765384
406988
80021855
2408570
765384
2412969
765384
80083109
455377
2301733
02443945
2040905
2172909
80068809
80021855
765384
80003210
80068809
80006299
80000111
80083109
02519720
02454645
2521156
2518376
765384
80024484
406988
80003210
80068809
80002333
02243870
00266086
00532479
02471477
02432943
765384
80002546
80006299
80002333
2401142
80015552
80003210
2040921
80001336
80007620
554987
765384
80043120
2461528
2237726
2443945
2451549
80001336
80009772
80117808



2507366
02471469
406988
765384
2454130
2439603
02415305
2497867
80016965
80068809
80003210
80016965
765384
80083109
765384
80001336
455377
80022550
80024658
80039378
406988
765384
765384
80002333
80003210


2322498
80068809
2176955
2040921
765384
406988
80003210
2521164
2237726
2452463
80068809
02172909
02223546
02458640
02243870
00266086
00532479
406988
80006299
00266086
02151588
765384
406988
80021855
00793167
2495155
2383187
765384
80057587
80068809
2040921
02162822
00426849
02446561
765384
02244993
80021855
765384
00793167
765384
80016965
00668184
2040905
2531402
2467860
765384
80068809
02471469
80068809

765384
80021855
765384
406988
02230485
406988
2443945
765384
80068809
2172909
80107863
80028881
80002103
80068809
80068809
02243925
360279
02388944
2443937
02427168
80002333
80083109
406988
80006299
765384
80068809
02439026
80012861
406988

406988
765384
80107098
80068809
765384
406988
2483270
80068809
2443724
765384
80002333
80007620
80021855
80011830
02172909
559393
80068809
80006299
2338726
00514535
02238671
02443937
02248556
2230711
2237726

00266086
80002333
80083109
80006299
406988
80000111
80000239
00668184
80006299
02239815
406988
80067448
80076790
80003210
00266086
2172909
765384
80928921
297666
80003210
80070693
80068809
80021855
80057587
2444844
02244993
80001336
765384
02248879
80068809
2048965
80003210
765384
80021855
02172909
2240769
2521156
2230711
80007106
80002617
765384
297666
80047569
80007103
80002333
2241634
80083109
765384
80021855
406988
02151588
80001336
80007620
80039378
297666
80006299
80083109
80068809
2172909
765384
80003210
2040875

406988
765384
80070693
80083109
765384
80003210
02365197
02381176
2492156
2372541
2325950
2522888
2304317
2506696
80002059
00217158
765384
80068809
2172909
80091698
80091745
80043390
2040921
80083109
02443937
80021855
765384
406988
80000083
2521156
2480808

02244993
2241634
2176955
406988
765384
80000834
02471477
765384
80006299
80083109
00532479
00668184
00782181
406988
80000111
80039079
2471469
2444844
2481685
80003210
80043120
80000241
2354403
80083109
80038686
2493578
02238704
80068809
765384
80039370
80104882
80021855
765384
80077540
80091696
80125978
80091745
80068809
80003210
80095020
80007620
765384
765384
406988
297666

765384
80003210
80083109
2517868
2237726
80057626
80003210
765384
2432919
2449145
2237726
80068809
80006299
2172909
00266086
765384
2241634
80021855
80083109
406988
80003210
80009136
00668184
80000790
80012474
80003684
80021855
80017497
80061769
80014978
80007272
80036410
80066722
80078189
80062861
80009618
80033763
80007930
02240785
80036804
02439026
80091048

02321556
02255316
02252279
02381176
2362406
02348772
80015552
02432889
80068809
765384
80068809
80025116
80068809
80055852
80000011
00693502
02243300
765384
80021855
406988
80006299

80002333
80068809
80007620
765384
80068809
80002617
765384
80021855
00532479
80083109
80069493
80003210
2239699
02443945
80003210
407011
765384
406988
80068809


122823
80021855
2176955
80005065
2040921
80111237
80003210
80081736
80004009
80090381
80000011
80023605
80033283
80068809
80057587
80002333
80068809
765384
80000083
80003210
765384
765384


00833290
80036126
80009582
80029503
00532479

80002333
02243870
02427168
2495155
406988
765384
00833290
80083109
02239815
406988
80006299
80068809
2150328
2492598
765384
750816
80002333
2150328
2237726
02466147
02435470
02461528
2040921
80003210
80028197
80000269
80068809
455377
765384
02439662
80003210
297666
2231954
765384
297720
406988
122823
2040875
765384
406988
80068809
80061769
80007620
765384
406988
02377233
02248752
02297558
2419114
02427168
2439808
2303922
2457741
2406020
2443945
80078860
765384
406988
765384
80068809
80004129
02248192
80006299
80069493
765384
80030151
80087065
80031122
2040921
80009878
2172909
80036660
80004334
80119955
02171228
80068809
80083109
00532479
02243870
80000111
80068809
765384
80068809
80000083
765384
80076823
80069493
80002333
765384
2176955
80068809
80027011
406988
2048965
02245911
80002333
80006299
80000083
00266086
80083109
02239815
80072924
2040921
02172909
765384
80021855
80009761
80043454
80000241
80021855
765384
80069493
80002333
80068809
2494280
2454130
2432889
2172909
2040921
80007620
765384
406988
80057587
80068809
80003210
2040921
80043454
80039378
765384
2172909
2242303
80003210
765384
80068809
80000123
485837
02049732
80068809
765384
80083109
80068809
2172909
80023393
765384
80068809
765384
80083109
2185938
2438917
2481677
2247521
2534681
02321556
765384
02435462
765384
2238096
80033259
2415305
02421712
02309858
80068809
80063083
00712507
02164256
02439026
80001219
02237425
00668184
765384
309702
80002333
02530708
765384
765384
765384
2040921
80003210
122645
406988
2469510
02456923
80068809
80021855
2238048
02471469
80006299
406988
80010367
02151588
765384
80083109
80068809
02049732
2489775


00532479
02238958
02243870
80068809
2172909
765384
80061769
80083109
80021855
80068809
2412969
2237726
2318164
782696
765384
80068809
2229492
559393
80083109
2244288
00092061
765384
80021855
765384
765384
80074529
80002333
80028055
122823
765384
406988
00668184
2040921
00712507
80001916
2172909
765384
00532479
00668184
02243300
00693502
80000111
80000111
80002333
00532479
80006299
02427168
80068809
80000111
80002333
406988
765384
00532479
2506564
2239942
765384
80070693
2471469
80003210
80068809
80006299
00266086
2322498
1919458

80003210
406988
765384
80000269
80021855
2242303
80068809
455377
02467860
02423596
2176955
406988
80002333
80021855
765384
80068809
80028055
406988
00532479
765384
2530813
80068809
2513447
2480107
2172909
80061769
80083109
765384
80109697
2432943
765384
765384
80021855
80001336
2040875
02229620
80000111
765384
406988
122645
2241634
80021128
80026616
765384
80021855
80060233




80029026
02439654
80068809
765384
406988
80007930
80091183
00782181
80051589
00668184
406988
80006299
80070693
80068809
80002333
80055794
80017389
80006299
80016965

80033268
80068809
406988
80080048
765384
80068809
80057587
80011781
80067448
80067950
00532479
80000111
80083109
80006299
80002617
80068809
2040921
765384
00266086
02243870
80068809
765384
00426849
21679
02308983
80068809
765384
80083109
80021855
80068809
765384
455377
1910787

2321696

80068809
80061769
80002333
2249558
80084678
765384
80000111
02231214
1977733
765384
80068809
765384
2040921
80002617
765384
02408570
765384
2172909
80057587
80021855
80068809
80112100
80000083
80000834
80046012
80048427
80064047
765384
765384
02429454
765384
80022550
455377
765384
122823
2176955
80003210
02236297
80029274
2040921
80068809
80021855
2521857
2296896
765384
2040921
80021855
80061769
765384
2040905
406988
80006299
80070693
406988
00833290
80003210
765384
80068809
80021855
80000011
80032325
2443449
80003210
80021855
765384
80068809
00266086
02243870
2172909
80021855
765384
80068809
2040875
765384
80068809
80021855
80020946
80035494
80016965
80033221
2172909
80057587
23949
2493578
765384
80068809
02507366
406988
2040875
765384
02240743
80000111
80068809
80002059
765384
80021855
00404160
00532479
2176955
765384
80007620
00477354
80021855
122823
80004502
80036764
80003670
80002333
80068809
2479613
2432927
765384
80003210
80021855
765384
2040905
80068809
2172909
80003210
80029552
2322951
765384
2241634
406988
2286610

80068809
765384
80003210
2040921
455377
80020056
2172909
2040921
765384
80021855
765384
80001336
80002333
455377
80068809
2439603
2248570
2172909
765384
80039378
2040875
80000022
406988
02172909
00668184
80004334
80021855
80021855
765384
406988
80061769
80123425

80002617
02172909
2451239
765384
80021855
406988
80015993
02237425
455377
2468565
80021855
80083109
80043120
80003210
02440342
765384
80068809
2176955
80068809
02430126
765384
80002333
2040905
455377
80063083
80002333
02432919
02435470
765384
80068809
765384
80083109
80026911
455377

02172909
80069493
765384
765384
80068809
80021855
00668184
80000011
80002333
80000111
80007620
02467860
02471469
2449935
2241927
455377
80021855
80000083
318973
406988
2150328
406988
80083498
765384
80002333
80021855
00668184
00532479
765384
80016965
80009136
80068809
455377
2040875

2321696
80002333
02243870
02049732
80083109
80069493
00532479
80000383
2172909
80002617
80001088
80003210
80068809
00833290
80002546
2040875
765384
80011612
80006299
02488000
02457393
80068809
02495244
02471469
765384
80068809
80009878
80073318
765384
2483971
2334763
2352419
2521156
2481677
445274
2500582
80002333
765384
80068809
02243926
80083109
80000083
80021855
00426849
80021855
80002333
02192411
765384
2040875
80068809
02049732
765384
80039079
2432919
765384
455377
00217158
02239815
80083109
00532479
406988
80002333
00833290
02184788
80069493
80000083
297666
80039305
80068809
80059561
02471469
80003210
765384
80057587
2451239
80021855
2040921
765384
2237726
80070693
80004529
80016965
80043565
02243870
00266086
80068809
80007620
765384
80000269
2040921
80068809
80003210
02464985
80021855
80068809
80021855
765384
00532479
80002333
765384
80068809
80002333
765384
80002333
02439026
00266086
02172909
00532479
80006299
80070693
80016965
765384
2241634
80061769
2040921
02471469
406988
765384
80003210
02136740
2172909
80021855
80001336
80028197
765384
80061769
2040905
80003210
80081824
80063662
80076790
455377
765384
2449943
2461323
02415208
2442604
80021855
765384
80007620
00532479
02172909
2471469
02223546
765384
2040921
80068809
406988
765384
80002333
2347342
2040921
765384
2493578
2451239
2443937
02434407
80021855
80016965
80066925
80028659
80068809
80023190
80043624
2241634
297720
406988
80021855
765384
122823
765384
02172909
2439808
02162822
2452383
02377233
2408570
00580929
02518767

406988
02471469
2172062
02326795
2481677
80021855
406988
2237726
765384
02049732
02231214
02318164
80016965
00294322
2303027
02284723
2354950
00731439
2245669
2247933
765384
80002333
716618
406988
80083109
2030071
80068809
765384
80083109
80002333
2406586
2362406
02458136
80016288
80003210
80021781
02239815
80006299
80000011
80025868
80069493
2172909
80001088
1900668
765384
80068809
2439654
02357755
02238671
02402874
02326795
02530708
02381176
80003210
765384
80069493
80006384
80043658
80021855
02171228
2237726

02229528
80068809
02049732
00532479
00217158
80068809
00477133

80068809
765384
765384
406988
02236958
00594431
02346486
2289261
2412950
842826
02421712
02245911
765384
80043658
02171228
2352419
765384
80002333
80003210
765384
406988
2040875
02518732

406988
80068809
02443937
02245389
80069493
765384
80068809
2143445
80000022
2412950
2291878
00426849
80068809
80002333
765384
02245389
80033293
80088352
02384507

80059536
80007620
80068809
2408872
2435381
2241497
80068809
765384
00021431
2484064
02304686
02309858
406988
00793167
297666
80006299
765384
80021855
80055794
80083109
00017841
02162822
80068809
406988
455377
00532479
80038609
80004502

2040905
765384
406988
80070679
02487381
02415283
02351420
80083109
765384
406988
02245911
2241634
80021855
765384
80068809
80000083
80061769
80003210
02049732
80021855
02245911
765384
765384
80002546
00833290
80001219
406988
765384
80083109
2166712
80016965
80070679
02247911
765384
80124673
782696
765384
80002333
80083109
80021855
80068809
765384
406988
80006299
02245911
02422085
80018564
02049694
02184788
80006299
02161192
80021855
80000011
410640
00021695
02296713
02346486
02316986
545015
2352419
02213001
02238873
21679
80070679
765384
80070693
02151588
2412950
02284723
02309858
2403250
02282445
2241634
80021855
00793167
80021855
02427168
765384
80021855
80003210
80000286
00790419
80009601
2176955
80061769
02245911
406988
765384
00532479
02381176
02377233
02351420
02456575
765384
80002546
02049732
80021855
00668184
455377
80000834
765384
765384
02381176
80068809
02309858
2484064
02427168
765384
2150328
765384
80070679
765384
406988
765384
2507366
80026948
80057106

765384
02427168
80047311
80016288
80002333
80006299
02435462
80068809
02424401
02453738
80019234
2040905
80006299
02247911
80000834
02321556
765384
80083109
406988
765384
765384
80007620
2241634
00833290
80004529
80021855
80039378
02172909
80002333
80068809
00532479
80079251
2379279
02321556
2443449
80068809
80057587
80085421
80111001
406988
80003210
80083034
80023637
02231162
80001088
00624969
765384
406988
02417162
02491591
2363399
765384
406988
406988
80021855
765384
02231214
2507374
02496941
02530708
02466759
02172909
80016965
00532479
765384
80070693
80002617
80034907
02231162
80003210
2438275
80033464
80021855
2040905
02229620
80002333
406988
80002546
80006299
2040921
02446928
02282445
2478579
80059437
406988
765384
02318164
02462486
2321696
2435411
02427168
2339099
455377
80068809
80068809
80021855
765384
406988
02321556
02381176
00294322
2385783
02321556
80083109
80090051
2241634
02444844
2326450
765384
02231214
80002333
00294322
2457741
80083109
02240409
765384
2172909
765384
00532479
765384
80021855
80002333
02443937
02471469
02162822
80021855
765384
406988
02530708
02432331
2172909
80079111
80036764
80064955
80040662
80030415
80002546
406988
80006299
80068809
02247479
02248743
80021855
00154032
00833290
02236297
80027011
02231214
80069493
02471469
02524856

765384
02151588
406988
02229620
01900978
653233
00870218
80083109
80006299
80000022
2048965
2176955
80083109
407011
122645
406988
80006299
80014978
80002333
2441888
2464985
2406284
765384
2441888
00833290
80004529
765384
406988
80068809
765384
80068809
80021855
80068809
765384
455377
00668184
02184788
80069493
02248743
00833290
406988
02231214
765384
455377
765384
00532479
765384
80083109
765384
2521156
80021855
455377
122823
765384
02184788
80000644
02232050
80068809
80002333
2040905
80058073
2245669
00028606
2428148
02381176
2339099
2150328
80054325
765384
02458640
2396769
80068809
765384
02427168
02495643
00851779
80068809
455377
80004529
02231214
406988
00712507
80025243
80001336
2241634
80083109
765384
455377
406988
406988
80068809
80003210
80058481
765384
406988
80002333
2150328
80021855
02230334
765384
80068809
02527189
2363399
02360594
02377233
02296713
02255316
02346486
02424401
02348888
80002546
80068809
2447541
406988
80021855
765384
80014401
80068809
02049732
02240935
00046728
80136777
80029045
02471469
02162822
2150328
80068809
2213192
80003210
406988
80003210
2301733
765384
80068809
80021855
765384
80083109
02507749
80007620
00514012
00559407
765384
406988
00833290
765384
02427168
02296713
2341093
02346486
02381176
00668184
80016965
765384
80021855
02404680
02456230
80021855
765384
02377934
02530708
406988
765384
80000111
02229620
80016965
765384
80061769
02245911
80022161
765384
02231214
2172909
02439026

80001219

02309858
80007620
80020103
80068809
80002546
02172909
765384
80021855
455377
80069493
02231214
80006299
80002333
80031678
80021855
80108314
765384
406988
02244993
765384
80003210
406988
2040921
2487721
2527189
2446928
406988
02049732
02237726
80017620
80068809
765384
00477354
80070693
02162822
02453207
80068809
80002546
608882
80068809
80000241
2040875
02248743
406988
80002546
02237425
00712507
2176955
80011069
80000217
80040529
02441853
02484218
80047274
80068809
00668184
2040875
80023929
02049732
02049732
02248088
765384
00514012
608882
02231008
80117032
00693502
02371146

2534835
80068809
80061769
80003210
765384
406988

02427168
02278251
765384

2150328
02456230
2040875
455377
80009878
00532479
559393

765384
80002333
122823
80083109
00532479
80039031
80002333
80021855
80003966
80009878
80083109
765384
02343541
2412950
765384
01967932
2481677
406988
02439026

80021855
80083109
80068809
80069493

02151588
80003210
00712507
80037486
80071030
02388006
02435411
02427168
02171228
2341093
02230711
80021855
765384
867373
02316986
02309858
559393
765384
406988
765384
00532479
80000111
80002333
455377
02343541
765384
80083109
406988
80004334
02245911
80068809
2247937
02427168
765384
406988
122645
00477354
00426849
00793167
2040875
765384
80002333
00532479
406988
80006299
80061769
716618
2499967
2245523

02377233
02255316
2281228
02321556
326844
2265540
80068809
765384
02171228
02239941
2449838
653276
2515970
2379279
02282445
80066848
765384
2040921
559393
80068809
2150328
80007620
80021855
2487187
02229453
02376946

80071373
02236927
2176955
765384
00668184
02439026
455377
80021855
80083109
80039378
2244403
80000111
02284847
02466147
2210347
765384
80074809
80021855
765384

406988
02049732
02248743
765384
80006091

02223546
02172909
02049732
00693502
80068809
80011936
80002052
02162822
02421712
02346486
80021855
80006299
02231214
80083109
00017841
80021855
771376
2481677
02421712
02408872
455377
80061769
80100896
80016965
80061769
00417904
02318164
80073687
80021855
80049309
80083109
80000286
425362
00028606
2241497
80066925
406988
765384
80002333
02530708
02171228

02223546
2454416
00036323
559393
2176408
80021855
80049117
02241144
00426849
80000111
02049732
02236297
80068809
80002333
00332933
407011
765384
00668184
80021855
765384
80047274
2521156
02377233
02245389
362166
80015552
02230711
02309858
2439786
02171228
406988
765384
00559407
765384
2408872
2479842
02435381
02427168
2401118
2440644
2244291
02171228
02023725
695688
2456230
80003210
765384
80039378
2438275
80068809
02299712
02244993
02123274
02381176
613215
02441853
80030004
80021855
2434652
80000022
765384
765384
80021855
02164256
02326795
00532479
00668184
80021855
00426849
00217158
80015630

2487381
02441853
80068809
765384
406988
406988
02320916
80068809
80000111
2040875
00426849
2321696
80002333
80070209
80007620
80068809



2465612
406988
80002333
80068809
80034798
80006299
80021855
2241634
80068809
80114523
765384
80021855
765384
02248743
407011
80002546

80068809
80021855
80083109
80021128
765384
2040921
80003210
02244255
2241634
00532479
02326795
02171228
02365197
02346486
02427168
765384
80016965
02171228
02377934
2508117
02296713
02238671
02427168
02326795
02346486
02236958
01962779
01962779
2478374
2337029
2241634

02247479
406988
765384
80021855
2040921
00559407
2321696
2040875
765384
2446057
02530708
771376
02456451
765384
406988
00793167
765384
765384
2481677
02238671
02245911
80003751
80003210
406988
02346486
02162822
02238123
2408287
02255316
02171228
02301016
765384
00426849
80083109
80016965
80012580
02248743
80068809
765384
02244257
2176955
80003210
80002546
80002333
2382547
02296713
02171228
02381176
02162822
02427168
80021855
2040875
80007620
406988
765384
80028197
80083109
765384
782483
2461986
2261855
02468891
80068809
02245389
80006299
80083109
765384
80002333
02245911
765384
80041968
02456575
716618
2438917
2412950
2308363
02171228
02245345
425362
80001336
80003210
80068809
80002546
765384
02245911
00793167
02444593


406988
80021855
02172909
80003210
02255316
02351420
02377934
02326795
2534681
02381176
02427168
02245911
406988
80002546
00021431
80021855
80002333
2176955
00532479
02238806
80016965
765384
80083109
80002333
765384
2520303
02471868
02489775
80068809
455377
2241144
80021855
80000011
80000269
554987
80009878
80004529
406988
2176955
80063083
236101
80003780
02443937
02423596
406988
80007620
80015552
765384
02385449
765384
80000111
765384
02248743
80009136
80021855
80061769
765384
122823
00021431

80068809
80030004


2040921
80028197
80050312
80021855
80014464
80095747
00532479
80083109
00668184
80054928
80068809
00712507
765384
765384
02309858
2241634
02451239
80016965
80033087
765384
80002333
406988
02245389
02443937
2040921
02344025
80021855
02408872
765384
2172909

02282445
00793167
02520303
80016965
2484218
80083109
80016965
406988
02351420
80083109
00532479
2241634
406988
80006299
765384
406988
80068467
2408570
2481677
80068809
80083109
80002333
02049732
02435462
765384
406988
80032333
2040921
2533049

02388944
02326795
80068809
02245911
80011612
02471469
02384507
02530708
765384
406988
80068809
80003210
02441853
2321696
02289989
80021855
00532479
765384
02248743
02441853
406988
765384
80002333
80021855
765384
2176955
455377
80004044
2237726
2439808
02354950
02422549
02453754
2040921
2500019
765384
2040875
80021855
02324989
02255316
02249766
2425610
02326795
765384
2501600
80068809
02321556
02427168

80016965
80002333
80002254
80078274
765384
00668184
765384
455377
765384
2247439
02470675
2504197
765384
02237449
80002333
80013321
80007620
80000111
80002333
559393
00712507
765384
2280159
318973
2509067
80083109
765384
02427168
00712507
406988
765384
2428148
765384
2275074
2327856
2286610
80024658
406988
2339099
80009878
80063083
02326795
02162822
00532479
80021128
80083109
02158590
00030910
02375559
2343541
765384
02240606
2172909

02245911
80002333
765384
00532479
80022690
80061769
765384
765384
02316986
02300893
765384
80012580
02443937
765384
406988
02241202
02444844
765384
406988
2439786
80068809
02237824
80068809
00532479
406988
00668184
02237425
765384
2176955
02172909
02530708
00618632
80007620
765384
00023949
00532479
80083109
80000111
80007620
80016965
80021855
80049309
80083109
765384
80001481
02245911
02504987
80000111
80021855
80022161
765384
02049694
406988
00532479
80083109
2040875
765384
80020103
80017035

02231214
765384
02239815
80083109
80003210
80070679
80021855
765384
02484218
2321696
765384
02247439
02457660
455377
80021855
765384
2343541
02471469
2241634
80021855
765384
02151588
80003210
00668184
122823
80007620
80057587
02530708
396788
80021855
765384
02236958
406988
765384
00532479
80077124
80007620
80000241
80002546
80070453
2143445
80067563
80002333
02171228
02351420
00026808
02381176
02427168
02441853
2481677
765384
2278251
301175
2435411
2493268
80009761
02255316
02326795
02344025
80021855
02049732
80002617
765384
80001219
02296713
02255316
2263211
2265540
02299712
02252279
00712507
80012474
80003210
2176955
02245911
765384
80021855
80068809
2040875
765384
02381176
00532479
406988
80006299
02321556
00668184
02245911
765384
80002333
80000111
02248743
2172100
2237726
765384
455377
2241634
02248743
455377
80021855
02231457
02320916
00532479
80057587
80021693
80049427
00426849
2241634
2247521
02377233
02296713
2412950
406988
765384
559393
80070679
80001336
02239815
80007620
00294322
02326795
02530708
2241634
02351420

02296713
02255316
2352419
2426153
406988
765384
80003210
00426849
765384
2040875
80002333
80016965
2224801
02321556
02316986
80021855
02164256
80068809
80003210
80000269
00021695
2284995
02346788
02171228
00477133
02395649
2362406
02267233
02325055
02316986
02248088
406988
765384
00778907
02321114
80034798
2436256
80068809
455377
80041057
02151588
2040905
80009878
2176955
559393
2439786
02360594
2341093
02299712
02171228
2262746
00021695
80083109
765384
02245911
559393
765384
80083109
765384
80004529
80021855
80070693
80002546
765384
00532479
80068809
80016965
80003210
80006299
406988
2241634
80068809
80055013
80003210
2451239
80003210
02230334
765384
80069493
2241634
02231214
02239815
2048965
80056178

80068809
765384
00021431
80039378
80000083
26123
02473941
00485837
80001544
80068809
80007620
02248743
00426849
406988

80003210
80122484
02377934
02238671
80041171
80002333
80002103
80068809
765384
406988
80000269
00793167
765384
02309858
455377
765384
80000011
80028197
00532479
765384
2321696
765384
80083109
80002546
80021855
80068809
406988
80021855
765384
2040875
80068809
02248743
80000022
2452839
02343541
80068809
80021855
80083109
765384
02245911
80001336
765384
80083109
2379295
2397714
2370638
02530708
80068809
559393
02451239
80030004
80070679
02172909
80039031
80068809
2040875
80006299
80000022
80016965
80063083
2172909
80068809
406988
455377
80021855
2176955
2040905
00532479
02248743
80069493
455377
80021855
02230334
00712507
02248743
02231214
765384
80028197
2040921
02237425
80000022
80039378
2172909
80002546
80003966
80001336
2048965
80003210
765384
02230334
122823
02239815
80021855
80037102
02289989
02184788
02236958
2242303

02399032
02427168
2040875
765384
02231214
00668184
00217158
02237425
80016965
80095743
80094914
80095747

406988
02441853
00026808
80006091
02423596
765384
80021855
406988
559393
80000083
80006299
80002333
80010580
80068809
80006299
406988
00793167
02299585
02171228
406988
02236958
2322498
2040875
80068809
2466759
80015552
406988
765384
559393
2543184
02346486
02171228
2303027
02299712
2412950
02083744
2537907
02255316
02326795
02171228
02381176
02201011

2493578
2343541
765384
80021855
80002333
80003210
02443937

02405474
765384
00668184
80004529
80022550
80003210
80049668
02441888
80021855
80002546
765384
406988
00021431
00217158
02241202
1983504
765384
765384
02049732
02171228
02309858
02376946
02245911
80002333
765384
02238671
2489228
80061769
2321696
765384
80021855
80021855
455377
765384
80083109
02441853
559393
2465035
00576034
2549999
80021855

2460653
80061769
80001336
80028197
80003210
80068809
2324997
2457741
765384
406988
80021855
80078565
80108009
80007607
765384
559393
406988
765384
80021855
559393
00559407
2030071
2243919
2321696
02049732
80068809
765384
406988
80083109
2487187
02236297
80083109
80000022
80068809
02241144
80090051
80003210
02151588
765384
80083109
00793167
765384
765384
02239815
80021855
2341093

765384
406988
00712507
80082827
02350750
559393
02408872
80002333
2040905
80068809
765384
00426849
80069493

2040875
80021855
406988
2424851
2451239
02309858
02350750

2240606
02309858
2487381
2304317
02171228
00532479
765384
00712507
2471469
02321556
80083109
765384
80021855
765384
00712507
00017841
00532479
80021855
765384
406988
80068809
80068809
80083109
765384
2176408
02439026
80021855
765384
00712507
80000269
80069493
80068809
406988
02443937
02230334

765384
80057587
00217158
782483
2229492
80068809
80000083
80003210
02466759
02457865
80083109
765384
455377
02171228
02296713
406988
80021855
80014978
80001336
80002333
765384
406988
80002546
80021855
80006299
455377
2150328
02230334
765384
02172909
80002333
00532479
765384
80021855
80069493
1933531

765384
80068809
765384
406988
02312433
765384
80003210
406988
765384
2234502
2439786

2440342
80083109
80069493
406988
80000111
765384
02471868
02435608
80068809
80002546
765384
80021855
02294583
02282445
00693502
02245911
80007620
02229620
406988
02240743
00668184
80021855
80027011
80110415
122823

00426849
2500523
02429861
80006299
2040875
02255316
02351420
02381176
02171848
406988
765384
765384
80002546
2172909
80021855
765384
00532479
80083109
80068809
2469421
2489457
02377934
02346486
00294322
00028606
80021855
765384
80002333
80113032
80021855
406988
02172909
02239815
2040921
2040921
80001088

80060582
80016965
80126584

80030034
80002333
80009878
80028676
407011
406988
00017841
80021855
80065947
80068809
80016965
406988
2481677
2327856
406988
765384
80083109
80068809
765384
02343541
02284669
01913328
80083109
765384
2040875
765384
80073274
80023605
80068809
80068355
80021855
80083109
765384
455377
00426849
80069493
02456230
80039031
765384
297720
455377
80022769
765384
80070693
00532479
80003210
2275074
2407485
02427168
80000111
2521156
80083109
765384
00532479
406988
2241634
2241497
2245385
02246793
00890960

2287390
2287390
02381176
02255316
02255316
02278251
02309858
02346486
02377934
02296713
80001544
80074581
80016965
00606235
765384
80002333
80021855
455377
02231214
02164256
80068809
80001544
80004815
765384
02397331
02443449
80021855
80002386
2040875
765384
80105982
455377
80012580
02240743
02388944
2419556
02360594
80044606
80009761
765384
80022425
80002546
00532479
00793167
80003966
00532479
02229620
80002546
80000241
2242784
02231214
765384
765384
2545411

80002333
559393
80083109
765384
80021855
02172909
02231621

2245718
13803
2245246
406988
02248743
80016965
80000241
559393
80021855
406988
455377
02231214
80083109
80000111
80002333
02475804
2211742
2040921
765384
80083109
765384
80002546
80002333
80000269
02245389
406988
02172909
765384
2040875
80083109
765384

02471027
765384
80002333
406988
2309300
2273357
765384
80021855
80083109
02049732
122823
02112760
80000834
765384
2241634

2415771
406988
80004529
765384
00021431
02236958
765384
80003210
80016965
80002546
02151588
02171228
02346486
02385449
2362406
02427168
2238770
2241634
80083109
80002333
80068809
02239815
02248743
406988
80006299
80044606
80002546
80021855
80000286
765384
02236927
00532479
406988
80026948
80024543
80030034
00532479
80014978
80009878
80002333
80021855
02172909
02245911
00793167
80083109
2519038
02317893
80021855
02239688
80002333
80006299
122645
80006091
02255316
2240588
2242837
02381176
02252279
02360594
2254514
2363399
02427168
2150328
406988
80016965
765384
80002333
80021855
02230334
00532479
765384
02474522
765384
406988
2040875
80021855
765384
406988
2150328
02441853
80021855
02229620
02237425
80021855
80044606
406988
765384
2443406
80000286
02326795
00668184
406988
80083109
02151588
02530708
2442167
02441853

00793167
2237726
765384
80083109
80083109
765384
80069493
80021855
2040905
80028197
765384
80002333
80083109
00712507
80016965
80007620
765384
80021855
80059577
80049309
80025868
80006901
00532479
2172909
80007930
80125725
80048053
80023682
00554642
2040921
80006546
80020218

02245911
02172909
80021855
2237726
765384
02474522
80016965
765384
80068809
02248743
02184788
00793167
80016965
765384
02321556
02381176
2237726
80002333
80021855
80068809
765384
122645
00485837
00147656
888524
02445875
02409399
455377
406988
80009878
02245389
80054325
80021855
765384
406988
765384
02471868
02171228
02346486
80068809
2438275
2415305
80028197
80003210
765384
559393
80083109
00532479
765384
455377
80021855
80025821
02230711
02248752
02385449
00294322
572349
405329
765384
2481677
80021855
80001219
80083109
80009878
00532479
80071439
2040875
80009878
80021855
80027011
80002546
02427168
80016965
80000022
80007620
559393
559393
80068809
2040875
80021855
765384
80028197
765384
02285479
80016965
80003210
406988
2408570
80002333
122645
765384
02475065
765384
80000269
80068809
80021855
80003210
2441888
00790419
2172909
2172909
765384
00693502
750824
2245385
02171228
2394936
2245669
765384
00532479
406988
02351420
765384
80020103
80021855
406988
02233024
80061769
02172909
2048965
80061769
02473291
80068809
80068809
80000083


2462486
80068809
765384
80083109
80002333
80021855
765384
406988
80001646
02443937
02471469
02444844
765384
406988
765384
80002333
80039031
00833290
02245911
00793167
80039762
02245911
80006299
02240785
00532479
406988

80002333
765384
80000286
00026808
80055794
80017878
80068809
2507366
80068809
765384
02239815
80009574
02446928
02435462
02326795
80016965
00532479
80006410
80002333
2245386
80007620
80068809
765384
2321696
2241634
80021855
2048965
80027011
80070693
00426849
02233677
80002546
80016965
80001806
80032966

80001544
80061774
2246076
00404160
765384
122645
406988
02232060
80007607
00793167
80070094

80032392

80012503
80003167
80033410
02237425
80026370
80041758
00682667
02049694
02231214
80021855
02184788
80033279
02229620
00217158
02241145
80021737
765384
80001544
02151588
80021855
80014978
80046851
80000790
80046669
02241202
80000219
80039378
02365324
2470225
2436256
02427168
80002546
2150328
02321556
765384
02239517
2172909
80068809
2440628
2441888
2040905
765384
80000111
00026794
02421712
2362406
406988
80030034
2172909
80091331

80022866
2412950
765384
80083109
765384
80016288

80059577
02239815
765384
765384
80030034
80073274
80028197
80012983
297666
554987
80035523
02231214
80051413
00532479
80021855
80034112
80030089
765384
8002617
80007620
02184788
80000022
80002333
80006299
80000083
80003210
80021855
80002546
765384
406988
765384
02458640
80069839
2040875
765384
80068809
80021855
765384

02241144
00532479
00833290
765384
765384
80002546
80006299
765384
1933531
888524
02344025
02344025
765384
2040875
80000111
80002333
00179957
80009878
80023605
80025310
80021855
2176955
80033462
765384
80000111
80068809
80009761
406988
2040905
2441853
2487713
765384
80083109
02321556
2419173
00426849
00271373
02299712
02516187
02451239
406988
765384
02316986
00426849
02284723
02309858
02326795
2481677
765384
80021855
2478862
02244257
80021855
765384
2040875
80061769
02318164
2248537
2363399
765384
80068809
406988
765384
406988
00793167
02326795
02296713
02162822
02255316
02381176
02316986
80068809
80049309
765384
00026808
2466759
2489228
02346486
80016965
80068809
765384
02370921
02444844

80002333
559393
559393
765384
406988
02309858
80083109
2241634
406988
80068809
2040905
765384
02478374
80000022
80020265
2237726
02245389
406988

02321556
02453754
455377
80021855
2040875
765384
80000022
00828793
02377233
406988
80021855
80002333
80025373
02245911

00559393
80020103
80021855
765384
02231214
02151588
2040875
80000568
80011777
80016965
80067448
80009133
2237726
765384
80068809
765384
80002546
00532479
765384
80021855
80028324
80067448

80081824
80002546
80044606
80003210
80021855
02151588
765384
02247479
80066361
02246055
2383055
2308363
2389037
2385740
2474522
2385813
406988
2441888
406988
02450054
406988
2313553
02049732
02049694
765384
80021855
2149133
80030004
80070693
80021855
80016965
02240743
80104055
00668184
765384
80039131
80002333
80068809
80021855
406988
122645
00426849
406988
406988
80016965
02151588
80002546
862924
02366940
2373203
02162822
02377233
2468778
02351420
02309858
02370921
80000111
765384
80006384
80002333
02530708
00028606
2533049
02446928

02151588
406988
80001481
80026179
80083109
765384
80068809
80003210
00793167
80004610
02427168
80001336
02240743
02444844
80021855
2530708
2385740
2040875
80000111
80006299
80091143
2172909
2241634
02381176
888524
02360594
2150328
80007620
455377
80021855
80068809
80002333
02441853
765384
02245911
80028055
2429039
765384
80002333
80016965
2241634
02296713
02377233
2446928
765384
80007620
80068809
02470705
406988
80002617

765384
406988
2176955

80071744
80046635
80126959
80016965
02049732
80090601
80021855
80033783
2040921
80071439
80007620
02377934
02284847
2274086
02385449
80001432
80016965

02346486
2534681
2239698
02361701
02376946
2363399
80083109
80002333
80000269
80007620
765384
80000576
80027011
80058574
02237425
80021855
02049694
00793167
02244952
00755842
2354403
2150328
559393
80007620
765384
00532479
80068809
80002546
80068809
80002333
80059577
80021855

765384
02230334
02285592
02231923
2150328
2434652
2362406

406988
765384
80083109
02172909
00532479
80002333
80012301
80006255
80106081
00668184
80070693
80007930
80011788
02237425
80021855
406988
80016965
80028676
80028375
80001088
80029045

80093279
406988
765384
00793167
2479419
406988
765384
02309858
765384
2395619
2040905
80002333
80068809
02245982
80009136
80006299
02496003
02070979
00028606
02360594
02410745
80068809
02231214
407011
80006299
80070693

02048043
2489228
2040875
80015552
80000686
00668184
455377
80021855
765384
02231214
80004895
80023637
406988
2040921
80016965
406988
765384
80021855
00668184
02049694
2172909
80063151
80014978
00532479
2172909
80002333
80068809
00668184
02049732
2150328
80016965
2402874
02427168
02309858
02416417
02346486
02252279
2341093
2241634
80021855
765384
80083109
00668184
80021855
2412950
02445875
765384
2150328
653233
406988
80021855
80068809
425362
80016965
765384
02162822
02471469
765384
80083109
80068809
80002333
2237726
80068809
80002333
2040875
765384
80000111
80028197
765384
80068809
406988
455377
80016965
00740748
765384
02456575
765384
2468565
80061769
406988
80001916
02239815
2048965
80002617
2040905
80002333
80003210
80016965
80021855
765384
02211939
02375508
02247216
765384
455377
02151588
765384
00532479


80025929
80057751
80052219
80028276
80029954
2040875
2243538
02346486
02171228
02238671
02426811
02255316
02244993
80068809
80003210
80000083
765384
2040905
80068809
406988
80016965
80068809
80028055
765384
02443937
80016965
765384
406988
02309858
00793167
2412950
02507366
80021855
765384
80006384
80002333
455377
80083109
80068809
80001336
00693502
2150328
80059437
2040905
80003210
2150328
80027127
80014978
80038255
1933531
80104687
80061769
80016965
02049732

80068809
80003210
00693502
02443937
02360594
02495422
425362
00846503
80083109
765384
80068809
2438275
00828793
02413612
2313707
02524856
02172909
80021855
406988
00010332
765384
406988
80022161
765384
00026158
80039378
80063083
402699
00596418
02236951
02326795
80021855
80002333
80069493
2040921
765384
02343096
80093740
00489875
80004044
765384
00793167
00668184
80046635
80021855
765384
80002546
80000111
02248743
80039378
80001088
02229528
765384
406988
80068809
2040875
765384
80021855
80083109
80003210
02245389
122823
80002546
02237425
00668184
02375087
00790419
716618

02475065
02041413
309702
765384
2040875
455377
80001336
02049732
80068809
02413388
559393
1933531
02429446
765384
80048427
80003210
455377
80057587
02465043
02191180
00426849
00712507
02439026
80021855
80049856
765384
02248743
2165503
02454130
80069493
80083109
765384
00532479
80016965
80021855
765384
02248743
80026996
765384
02458640
80003210
80083109
02440628
00021695
2241634
474517
2444844
80083109
765384
406988
02246793
02427168
2185938
80002546
765384
2278251
00559407
2326957
360279
02456230
02310899
765384
406988
2150328
80068809
80006299
00504874
80069493
80021855
80001336
00477354
00712507
02237425
80002648
80018564
80060192
00793167
80021855
80003210
765384
2176955
00532479
80083109
02443937
406988
765384
2418282
02381176
02255316
80083109
765384
02229620
02427168
02443937
2362406
02309858
02162822
02346486
02248743
02164256
02147351
2040921
80000011
80015630
80070693
765384
80031138
00668184
80073274
406988
00793167
02230485
02241689
80045740
02236927
80021855
406988
02448572
80061769
80021855
455377
02172909
02470675
2484064
02487381
2408570
2477963
2386755
02435977
02171848
02439123
2248307
80068809
765384
80015993
80031154
80016965
02172909
2017849

559393
80002333
80007620
455377
80021855
765384
00532479
02249766
02229620
80001336
406988
2471450
02375508
2412950
2414201
2487713
2478862
00790419
8002617
80039031
765384
02377934
2454467
80003210
02245911
80083109
407011
80009878
765384
80035523
765384
80003210
80000111
80021855
765384
02471469
406988
80006299
2242303
02282445
00559407
406988
765384
80002333
00532479
80055794
02237824
02449811
80021855
765384
406988
02049732
80068809
80000111
01993909
00122734
80021855
80083109
765384

2412950
00030910
2156091
559393
2150328
80061769
2513390
02151588
765384
80070693
80021855
80040529
80031154
00693502
80000111
80039378
765384
406988
2150328
80002546
80007359
80060745
02151588
00668184
80068809
80021855
02236958
80083109
02245389
765384
2362406
02173344

80079711
02162822
02427168
2521156
02255316
2494507
02346486
396788
00028606
2495732
80046635
00833290
80021855
765384

80001336
80001544
02229620


80015993
80068809
765384
406988
02171228
02388944
608211
02213834
00870218
80002546
80001336
02282445
80048427
455377
716618
02162822
01959352
02381176
02255316
2237726
2301733
765384
406988

406988
80003210
80068809
80061769
406988
765384
80021855
2451298
2176955
02049732
2267233
02402874
02441098
02388944
80068809
80016965
80002333
80007620
80068809
80001336
02223546
2240606
80083109
00532479
00668184
00793167
406988
00693502
00217158
80002333
80078274
02487381
2299585
765384
765384
2443937
80021855
765384
80002333
2040875
80000111
80003210
765384
80068809
80021855
02290375
02299712
02162822
2412950
02381176
2362406
2234502
02370921
455377
406988
765384
80083109
80068809
80002333
80021855
80007620
02248743
80037019
765384
80077402
765384
00532479
02441853
2438275
2237726
765384
2456575
02164256
765384
00477354
2241634
80068809
02321556
02351420
765384
406988
02381176
406988
00017841
80003210
80068809
765384
80021855
2040921
80002546
80070693
80026948
2176955
02518732
02162822
02427168
455377
80021855
2040905
80012474
80002654
765384
2040921
765384
80061769
80007620
00532479
80002333
80001088
765384
80021855
406988
2247439
2150328
02475065
765384
00827789
80036328
80072889
00668184
765384
80009136
80002654
80068809
406988
02421712
02321556
02348888
80021855
80000111
02151588
406988
00532479
02192411
80002333
80001961
02172909
00154032
406988
80027016
80043556
02243925

80069493
02240785
80039450
80061771
2244732
80032451
80026911
80079251
765384
80067448
80076790
80002333
765384
2493373
765384
406988
765384
80021855
2295369
02255316
02326795
80021855
765384
406988
80008925
00668184
80000022
02184788
765384
80021855
122823
2481677
2316986
02381176
02162822
2483300
02488140
765384
559393
26123
00532479
80068809
765384
02245911
2403587
2040875
80108009
80003210
02172909
80003210
80002333
406988
80003210
80016965
765384
406988
02171228
02377233
02321556
00294322
455377
80021855
765384
80021855
765384
80083109
80002546
02172909
2403587
00793167
559393
559393
02238004
02223546
2481677

80002333
00532479
80027224

80001088
455377
406988
80076160

02348888
2352419
02475065
02309858
02282445
765384
80021855
2143445
80000286
2040875
80021269
80071922
02233146
765384
406988
80021855
02239815
02289288
02494035

80068809
80021855
02346486
02321556
02427168
02236297
80001336
80068809
406988
765384
80068809
406988
406988
765384
80039378
02471469
02381176
02238671
559393
406988
80021855
80068809
80003210
80068809
80007620
80001481
765384
765384
02471469
80021855
00668184
02184788
800441927
02326795
02255316
00294322
406988
80004529
2241634
80021855
00833290
80069493
765384
80003210
02456230
361097
80060806
80021855
80006299
122823
80039031
02231903
80061769
00793167
2438275
2436159
2449811
765384
80063083
80021855
80068809

559393
1933531
2352419
80083109
765384
02247909
2172909
2237824
80021855
765384
80020905
80006299
80083109
00532479
00668184
02049732
2534681
00324019
02321556
02351420
2451239
2443937
613215
02316986
02236958
653233
80034879
2004240
02375087
00771376
02381176
406988
80006299
02191180
02252279
02309858
02223600
02422549
02381176
02162822
02385813
02041413
80068809
02435411
00700401
765384
80021855
80014331
80034025
406988
80002333
02229620
80031138
80044295
80051589
02239529
80014978
80001336
80002546
80053170
80039646
2172909
80007930
02230711
2480808
02321556
2221829
02248088
80006299
455377
2040905
80009136
80055599
80068809
02296713
80002333
765384
2040875
80021855
455377
2176955
80068809
00532479
80083109
80040471

02346486
02413612
2355043
406988
2241634
02427168
02237425
559393
2499223
80001336
406988
765384
80063083
80083109
406988
765384
406988
80083109
80031154
80003210
80004334
406988
02184788
80002546
80006299
00668184
00833290
00793167
00532479
80069493
765384
80002333
2481677
80007620
80012580
80006299
361097
02299585
80002546
02443937
80092165
80000111
02427168
80021269
80061769
02172909
80068809
765384
80006299
80014724
80021855
80003210
765384
406988
02471469
02435462
02238671
02502380
2063662
02162822
00559407
02172909
122823
80068809
80068809
455377
80006299
80002333
00793167
80039646
765384
80083109
80002546
2438917
2412950
2407485
80006299
02239815
765384
00532479
00668184
406988
02049732
80028588
80002333
00833290
2040905
02240743
2487403
80047904
559393
80068809
122645
765384
406988
80021855
80002333
02344890
2413191
80001336
80007620
765384
02320916
8002617
02231214
02229620
406988
406988
2470373
406988
765384
02351420
2522861
02427168
00793167
02377934
02375087
2241497
02240113
406988
80022161
02464985
2408570
2040875
80068809
765384
00833290
80013321
765384
02440423
02516187
02248743
765384
80028114
80002965
765384
80083109
765384
80083109
80021855

2313553
765384
80004529
765384
80068809
406988
2040875
2040905
765384
80021855
02248743
80000022
80002546
00833290
80053170
2493578
00793167
80001064
02239815
00532479
80068809
80002333
80021855
765384
80012564
02228459
80026019
02427168
02238004
559393
02230485
2237726
80068809
80083109
406988
765384
80135175

80001219
765384
80003210
80003210
80000269
80021855
02247479
765384
406988
2315955
406988
80058704
80068809
02229620
80002333
02443937
02444844
1919458
80006299
00630373
00740748
02535475
02284847
80068809
80061769
2176955
00668184
765384
80009878
00532479
406988
80002546
02486113
2454416
02252279
02309858
00021431
02320916

80049986
02231162
80083109
02153971
00046671
765384
00532479
80003210
80022785
80090819
80040051
02427168
02381176
02388944
2408570
765384
02162822
80061769
80001219
02319012
2040875
80023061
00532479
455377
02153971
80046657

02172909
2325748
765384
455377
80068809
80002333
00693502
2493578
2451239
2176955
80006299
80002333
80083109
00532479
80021855
02172909
02245982
80033331
02324482
02519127
2465949
2460513
80016288
80009878
309702
2237726
765384
559393
2471469
02443937
765384
406988
2172909
80000111
02248743
765384
406988
2172909
765384
80068809
00532479
80083109
765384
2150328
02223546
80004610
80029620
80003210
2241634
00712507
02231214
00426849
765384
406988
02238671
2522861
2555263
02360594
2176955
765384
02236958
00013560
782696

80000083
80068809
2040905
02229620
2471469
02172909
80080212
01993909
00693502
80021855
80006998
80119032
765384
2040875
02418932
765384
00493627
02303485
00010405
765384
80083109
2451298
2465035
80003210
2176955
80068809
765384
80083109
2241634
406988
765384
406988
80068809
80000286
80083109
00532479
2295121
80021855
765384
80068809
80021855
765384
02171228
02235352
02519348
2304317
2304317
80068809
765384
406988
02184788
02241144
02248743
80021855
765384
02472945
02441853
80016965
80021855
80083109
80003372
02248743
406988
02248743
406988
2241634
765384
80021855
02343096
02427168
80068809
80083109
80006299
80022550
80016288
80023605
02384299
80000134
765384
80021855
2229678
80014978
80028478
80025868
2040905
02394839
2550865
2245385
2241497

00532479
80021855
80001544
00833290
00532479
765384
559393
2185938

02171228
2304317
2176955
00532479
80007620
02049732
80063083
02516187
02317893
02238671
02427168

80015993
02151588
80003210
80051739
80009878
297720
2242303
80058002
2275074
2262746
2408570
80122357
80039378
80043454
02184788
80057587
80000269
80033271
2451239
80068809
80014464
02245389
80002654
80006299
80002546
00532479
406988
80002333
80083109
80021855
80002333
80068809
80001544
80006299
80068809
765384
80018941
00532479
80039378
2475863
80041095
80068809
80021855
765384
406988
80068809
00712507
80002333
02151588
80002333
80083109
02287072
02409399
406988
80007620
02049732
406988
02248743
80018311
765384
02246569
455377
765384
80016288
406988
80021855
02366940
02346486
02162822
02321556
01959352
2304317
02427168
02309858
02443937
02351064
2444844
02446057
02162822
2438917
80002333
02346486
02365324
02255316
80002333
02172909
406988
765384
80003210
80021855
2343541
02475065
02245389
00559407
02172909
80003210
80000022
765384
80021855
80068809
80009136
80035900
80062970
80001336
765384
02245911
80002546
80021855
2477963



80069493
80000217
80000111
765384
765384
00532479
406988
80083109
765384
80021855
406988
02231214
02049694
455377
80014401
00532479
80052698
80069493
80007930
02487381
80003210
406988
765384
80083109
80021855
2408570
441775
80083109
765384
02237419
2017849
1933531
02284669
80068809
80021855
406988

02172909
765384
406988
2040905
765384
00594431
02248743
2040905
765384
406988
2321696
80038609
765384
80021855
02370921
02435462
02298589
481823
02377934
2245385
80083109
765384
765384
2176955
80002333
2040875
80021855
02164256
80067519
02172909
80039378
80083109
02184788
80069493
80009566
80000241
765384
02309858
80083109
02424401
2481677
406988
765384
02282445
2451239
02471469
2498901
02326221
00328219
02173344
02424401
2535939
2176955
80004884
00793167
765384
80055794
00285528
80021855
02231214
2419556
02388944
2449811
80055114
80024386
80030034
80003210
80046635
80006299
80023453
02229620
80006183
80018717
80005878
02049694
02233146
80004546
80077003
2426153
406988
80020103
02049732
765384
80083109
00532479
80021855
80068809
80014401
80022769
02237425
02248743
80068809
80069493
00833290
765384
297666
02049732
80068809
80000111
80021855
765384
406988
00021431
80068809
00217158
02172909
80061769
02516187
2451239
02441853
80002333
80014724
80083109
80000111
8002617
406988
00793167
80070679
80007620
80021855
80003210

360279
02255316
2483300
2370921
02443937
80006299
02240743
80021855
406988
122645
80006299
80070693
80003210
80021855
80069493
2343541
2150328
80083109
765384
80068809
80002333
00559407


80068809
02248743
80000111
80021855
80006299
80068809
80000079
80007620
80021855
765384
02244257
00668184
02231214
02184788
00712507
02151588
00793167
80057587

80002333

2171228
02381176
765384
2451239

765384
02223600
02155869
2240835
02246793
2238796
80083109
765384
406988
02441853
406988
559393
765384
80004529

80068809
80007620
765384
80002333
80002546
80021855
406988
02441853
406988
765384
00532479
02172909
80033279
02248743
765384
406988
80068809
80000111
80058306
80001544
2239933
2435381
608882
2040875
2462486
122823
80025310
765384
02171228
406988
80021855
765384
00668184
80002333
80051809
02172909
80049761

80042221
80068809
02457660
2440628
80000022
02248743
80006299
02151588
80007620
406988
2321696
80013551
2533642
02237425
80068809
765384
80083109
80068809
765384
80018311
80000111
1933531
02350750
02170671
2537907
765384
80058460
80002333
80068809
80068809
2304317
02381176
02360594
2341093
80068809
765384
00532479
80021855
80006299
80009136


406988
765384
00514535
02443937
2471469
02303922
02255316
02381176
02162822
2444844
80068954
00532479
80021269
765384
00532479
02459299
765384
406988
80000111
02123274
2155907
2265540
2416778
02230334
02247479
80006299
80027011
02439026


2172909
80068809
2176955
765384
406988
406988
8002617
2425483
02381176
02268418
2412950
02427168
02162822
02171228
02123274
2480808
2453053
00532479
2048965
80068809
80068809
02162822
02255316
80002333
455377
2048965
00668184
765384

765384
80021855
80039031
80002333
406988
00833290
02248743
765384
80002546
80014401
765384
80002333
80083109
2419882
01923455
406988
765384
80083109
80000011
80117210
80020670
80105040
80031154
80037102
80021855
02172909
00668184
80006299
80002546
00693502
02162822
02472945
80068809
02245911
02239815
80021855
2176955
80000241
00693502
02231214
00532479
80029847

00535494
80068809
765384
765384
00668184
80037019
80057587
02456532
765384
80032471
80068809
02239941
02162822
00263869
02170671
00426849
02255316

02123274
2330474
2363399
02394839
2352419
02255316
02381176
80068809
80021855
00532479
80002333
80068809
765384
02231162
02162822
406988
2040875
80025102
765384
80021855
02458640
02427168
2176955
407011
80021855
765384
80003210
406988
02151588
406988
765384
80002333
80014978

80021855
765384
02439026
80117539
80000834
80046175
80006299
2040921
02172909
80021855
80083109
765384
455377
00668184


00332100
80056637
80061023
2240409
02237425

00793167
80002546
80027099
00532479
02229620
00217158
80021855
80083109
02377934
00360279
02385449
2240910
80083109
80112845
80009878
765384
406988
765384
80083109
00426849
2471469
02394839
765384
1919458
80068809
80002333
2048965
765384
2237279
00532479
02289989
2297574
80068809
318973
2040875
80006299
406988
765384
765384
80083109
406988
80009878
406988
00532479
80068809
80003210
80021855
455377
765384
80003210
80021855
80007620
765384
80068809
2237726
455377
765384
2176955
80002333
765384
80021855
80039031
02172909
80002333
406988
765384
80021855
80052895
80037035
2242303
80037532
80103656
80027297
80067448
80039032
80040615
80047274
2241634
765384
02172909
02239815
02229620

00712507
00793167
02343541
80083109
765384
80049252
406988
765384
80021855
02151588
765384
80068809
765384
00532479
80021855
765384
80000047
765384
80002333
02151588
02245911

2150867
765384
2451239
2241634
765384

80021855
765384
80003210
80002333
406988
765384
02343541
2271931
02238671
406988
80068809
80083109
00532479
80000111
80003210
80055794
80006281
02439026
80021855
80006299
80061769
80068809
80002129
02357054
765384
00532479
80000083
02159589
765384
80021855
2172909
2549999
2451239
2451239
2040921
80064199
80083109
80002617
455377
765384
80070693
80021855
80039378
80063083
80006281
00700495

02449048
02231214
80044606
02049694
80009878
02228459
2176955
80002093
02239815
02455323
00426849
02241332
765384
80021855
2040905
406988
406988
765384
80002546
02184788
80069493
00532479
80055794
80018311
765384
80021855
80003210
80069493
80083109
02248743
80021855
765384
2048965
2321696
02171228
02381176
2327856
02377934
80002333
02172909
00712507
02471469
02456575
765384
80037883
80039378
80000834
771376
02255316
02360594
2150328
02347997
2456575
01959352
02381176
02471469
765384
80083109
765384


2522861
2321696
02351072
2451239
765384
80083109
2273357
02343541
80003210
765384
80021855
455377
765384
406988
02245911
2048965
765384
406988
02172909
406988
2241634
765384
02446057
2040875
80022757
80026340
2176955
80034798

80070693
765384
80065947
80002617
80120962
00712507
406988
80046669
80060302
02243919
80030034
765384
2172909
80002333
80002546
80029331
80039378
80006299
02229620
80002965
02438275
2458640
00426849
406988
80006299
80108009
02231214
765384
2444275
02320916
02419858
00559407

80012474
765384
406988
765384
80021855
765384

765384
2048965
80003210
00828793
02289989
80068809
2241634
406988
80028055
765384
80070693
80034025
80059985
80049309
406988
765384
00833290
80128793
80021855
2429667
406988
80001336
80002701
80039031
765384
02151588
80083109
80002333
2512963
2241634
80014978
80030034
80009878
00833290
80002546
80002333

80083109
80042491
765384
02248743
80017464
80068809
2444844
2448572
765384
80021855
80048427
80083109
80006183
80059351
00712507
765384
80009878
2304317
02309858
00217158
00021431
02424401
2534681
00426849
02381176
02348772
2481677
00833290
80021855
765384
80016965
02321556
02309858
02475065
02312433
2242984
765384
80028055
80025788
80001441
80023541
02346486
2233143
716642
02297809
80068809
02309858
765384
02162822
2493373
02471469
02425483
2362406
02171228
2519348
02381176
765384
765384
02326795
02377934
02381176
02296713
02316986
406988
80006299
80073274
80021855
80009376
80004610
80009136
02172909
406988
80006299
80013210
2489236
765384
00028606
765384
455377
80003210
80068809
02516187
765384
00532479
80021855
02248743
455377
00833290
2241634
02284723

02233146
80000111
80002546
765384
2443937
02167786
02229620
80006299
02248743
80068809
80021855
765384
00668184
02384507
02469057
406988
80068809
2040875
00532479
765384
80012474
80028197
00532479
406988
80083109
765384
765384
02461536
80068809
80002654
765384
406988
122645
80004529
80001336
80002546
00217158
02309122
80017655
765384
80000083
2237336
02247993
80003903
80023918
455377
80006438
406988
80028197
02299585
2172909
02247439
2457741
2150328
765384

80068809
765384
02424029
02381176
2092832
02244148
765384
80021855
80003329
80068809
2172909
80083109
80002333
02236927
80036273
765384
80002333
02514400
00026808
765384
02459957
02530708
2397900
2172909
406988
80068809
80083109
765384
00532479
80044606
406988
80010485
80057771
406988
765384
80003210
02164256
765384
80083109
02470365
2456532
00712507

80068809
80002426
80021855
765384
02507471
402788
02435411
02229704

02457997
02239815
122645
406988
80021855
00668184
80009878
122823
80053958
02151588
80002333
80069493
80057587
406988
80003524
765384
80003210
455377
80021855
80083109
02151588
02156512
00021431
80068809
2040875
765384
80060745
80007620
80083109
02239815
80003210
765384
765384
2040921
80015552
80107870

741183
765384
80083109
00532479
8002617
80014978
80003210
80002546
765384
2412977
02300524
00021288

00217158
80068809
455377
765384
02424401
523224
80003966
02242452
765384
80002617
455377
80001088
2414570
2408570
2412977
2343541
765384
80002546
2040921
765384
80057587
406988
02248743
2040921
80070693
455377
80021855
02516187
02451239
2040921
80009582
80055794
406988
765384
2458640
02471469
765384
80021855
80016288
80083034
80091182
02232101
80021269
02184788
80021855
406988
765384
00477354
122645
00532479
80083109
80036610
2247439
80021148
80028055
80009878
80038609

80003210
80051589
80068809
80039378
00532479
765384
80021855
02382644
02251515
80068809
02346486
80021855
80068809
765384
2040905
765384
02248743
80068809
80021855
00559407
2143445
765384
80021855
02236958
2365340
80000116
80006299
80004529
02231214
80009867
80000269
00532479
02159589
80068809
2040875
80019234
80035260
80003210
765384
80021855
80121045
80070693
80007930
80044606
2315955
80039378
158305
80003210
80010485
02229620
00504874
80076790
80063662
02413388
00028185
80068809
80007620
80057587
80068809
765384
80014401
80104758
80009136
80002546
02239815
00793167
80018717
80007207
80031759
80006299

2230711
2409291
02435462
02287072
2150328
80016965
406988
765384
2481677
2385783
02231493
02240113
02321114
741183
80068809
00532479
80049309
02427168
80000834
80083109
765384
80009136
02049732
80061769
80009878
80021855
80002333
80068809
406988
80068809
765384
02151588
80002333
02244638
2414805
02286246
02377233
02354608
2464985
02151588
02375087
2265540
80002333
80068809
02244257
2176955
765384
80061769
80006299
80083109
2048965

80016965


765384
00532479
00793167
02377934
2487713
02321556
2496348
2040905
80011612
80016965
765384
80068809
80002617
02282445
02469677
765384
02151588
00668184
2172909
765384
455377
02377934
02243796
02172909
02443066
80000111
02245911
80068809
80007620
765384
2150328
80002333
765384
80083109
2150328
80071439
00532479
2481308
80006299
00851779
02377934
00294322
2304317
02309858
406988
2241634
80068809
2040905
765384
455377
455377
00477133
726486
2403986
2040875
2040921
765384
80027011
80021855
80047258
2172909
80112429
80069493
122823
80077526
80004502
80028055
80130196
80068809
80025646
80070693
80007930
2241634
00668184
765384
00833290
02151588
765384
02360594
02503271
02377934
80021855
765384
80026185
2176955
406988
2172909
00668184
80004884
80002386
2040905
80065947
765384
406988
765384
80002333
00668184
80068809
80061769
02443856
02351420
406988
80021855
80027605
00532479
80017035
80000286
765384
80007676
00062812
2419556
02346486
2362406
02255316
2487713
02321556
80021855
80002333
765384
2296888
2509741
406988

00532479
02248743
765384
406988
765384
02346486
02527677
02023865
00013544
02162822
02230711
02316986
2286610
2362406
765384
80018564
02469308
00532479
00504874
02239930

2481677
80009878
455377
80021855
80007930
00668184
00532479
02237425
80001088
80091157
80025276
80014978
80028055
80093740
80007620
765384
80003210
80006299
406988
02443937
00793167
00532479
765384
80002617
2241634

02427168
02346486
02309858
80003210
80068809
765384
407011
80029743
02348888
02435381
02408872
80068809
80003210
80046635
02468395
406988
80006384
80021855
765384
02243870
80021855
80068809
00224774
02518732
02530708
1933531
559393
02376946
406988
765384
80002333
00016322
02377934
765384
02421631
2533502
2457784
80083109
00532479
765384
80068809
80016965
765384
80021855
02427168
765384
00217158
02171228
765384
80083109
80068809
80003210
80001336
80000022
406988
00793167
406988
80021855
765384
02172909
765384
2040905
2283891
2354608
80003210
80064763
765384
80018887
80055392
2040921
80006299
455377
80002333
80021855
80068809
2256142
2363399
2352419
406988
80083109
765384
02247619
80000111
2331624
406988
02245911
02172909
765384
00712507
80007620
80039378
80000790
80021855
765384
2483300
02162822
2321696
765384
02151588
80002333
02435411
80021269
80000111
80021855
406988
765384
80061769
2040905
02255316
80016965
80043658
02351420
2481677
80007620
80021855
00532479
765384
80001336
80026628
02427168
80003210
765384
80021855
2469898
2527391
2183862
02171228
402788
02230711
80059577
765384
00532479
80042473
80021855
80011415
00668184
02184788
80009878
80068809
00793167


80068809
765384
02255316
02360594
2443937
02162822
02381176
80002617
765384
80059577
406988
2150328
02530708
02296713
02300893
80068809
80002333
02229620
00532479
02049732
406988
80021855
765384
80000790
80068809
02331624
02475065
559393
1933531
02324997
2331624
432814
00668184
80000674
80003372
80000721
406988
00532479
2223546
80007620
80000111
80068809
2403587
02236297
765384
00532479
00668184
80001088
765384
02427168
765384
80001088
406988
765384
80021855
00712507
02238873
02456230
80016965
406988
765384
02427168
80021855
80068809
80014993
02171228
02238123


00790419
02351420
02321556
02316986
00028606
02446928
02049732
406988
122645
765384
2436256
02238004
80068809
80001088
2176955
80003210
122823
02427168
02348888
2352419
02255316
02162822
02326795
02255316
02296713
02346486
2243588
02427168
80002333
80044606
80002333
80016288
80016965


80068809
80002333
765384
00793167
02530708
02507366
02245492
80002546
80000111
765384
406988
00190489
80068809

00643211
80075323

02162822
765384
02162822
80000111
80021855
02239766
02427168
02439026
2040921
80078274
80000111
80027977

02496941
00193631
02530708
80002654
02439026
02245911
02229620
80007930
00668184
80001219
80006299
00532479
80056502
00294322
02321556
02267233
326844
00026808
02245860
02238873
02248347
00053783
02172909
80068809
765384
80003210

02230334
80016965
2419556
2487713
02255316
02284723
02421712
765384
2150328
02171228
2419556
02238004
2352419
02255316
00021695
2457741
21261
80083109
80003210
765384
2521156
02242680
02346486
02377934
02320916
02385449
2245385
00833290
765384
406988
2150328
2230047
2448572
02421712
00533629
406988
765384
80083109
80015552
80068809
559393
02285479
80021855
80000111
80003210
80006299
80006291
02255316
80002333
80024484
80000111
02162822
02443937
02172909
80068809
02427168
80021855
80006590
765384
2248570
559393
2237726
80063083
80002333
80000111
02316986
888524
02381176
02255316
765384
02346486
02248743
80078274
80000269
80021855
80006299
406988
02229620
02161192
00668184

02470675
2237726
765384
80083109
236101
765384
80016965
2481677
765384
2040905
80030104
02238004
02423987
765384
80014401
765384
406988
00668184
80003210
80083109
80012474
765384
80068809
80016965
80083109
765384
02427168
02441888
80073274
02245911
80024628
80118400
02233239
80038119
80003210
80009878
2040905
02049732
80021855
406988
765384
406988
765384
00532479
02049732
559393
2299585
80016965
765384
02172909
406988
765384
02466449
726486
80083109
02451239
02049732
00328219
765384
80021855
2150328
00026808
00888400
80002333
2040875
80068809
406988
80009878
00668184
80068809
80075520
80021855
2172909
80001088
80043658
80007620
2439530
02245389
02248743
80021855
02443937
02446928
80021855
80007620
80001336
00532479
765384
80083109
02151588
765384
02479877
765384
80021855
02229620
406988
765384
2461749
765384
80068809
80044606
80016965
80001088
765384
2343541
00179957
765384
80021855
00712507
02151588
80068809
80000269
765384
02123274
2231150
2438917
00793167
2278251
02331624
02421712
2327856
2543184
80002333
2048965
2481677
80059577
455377
80068809
80003210
765384
00217158
00532479
80083109
80021855
406988
80068809

2316986
771376
02162822
02443937
2540053
02409623
2200104
765384
80083109
80002333
406988
02245911
80006299
80021855
02471469
00532479
00712507
02151588
02245911
2321696
2534835

80068809
80001336
80021855
00793167
02427168
80002546
765384
02371146
406988
02045710
80083109
406988
80021693
80058460
80030034
765384
80061769
80021855
80000790
80021855
765384
02445875
2461528
2469022

2040875
765384
2518821
2040875
02309858
765384
406988
02248743
80000079
80002546
80021855
2241634
80049309
80022727
00532479
80024685

80068809
765384
80083109
80021855
80003210
80002333
00793167
406988
765384
80068809
00179957
80021855
02424401
02530708
80015552
80090114
765384
00712507
765384
02238671
2544245
782696
80069493
80016965
80039378
02289989
2251515
00712507
80000269
02248743
80021855
765384
80002546
2321696
80006299
406988
02469022
00790419

00532479
80002546
02237669
00833290
02475065
02282445
00668184
406988
765384
80021855
2303027
02346486
2379279
2534681
02309858
02297795
2416786
02423596
02245689
02240743
80006299
80007620
02381176
02504987
02444844
80006299
02240743
02162822

02289989
2449811
80070693
765384
455377
8002617
80058468
668427
00833290
80051589
80029211
80046635
80000022
02161192
80042473
2172909
80025555
80067448
00062812
80021855
765384
02245911
00426849
765384
02443937
02162822
2265540
455377
122823
02151588
406988
765384
80002546
80002333
80002617
765384
406988
00532479
00021431
80001336
00179957
2172909
80069493
765384
80003329
80087767
02456451
80068809
80068809
122645
80025310
80083109
80000083
8002617
02427168


00217158
2040875
765384
80000022
80021855
765384
80007620
80068809
80010896
406988
812382
2176408
80068809
80021855
80007620

559393
02443562
02316986
02321556
2245385
2326450
2238796
406988
80068809
00559407
02388944
02316986
02223600
02299712
80068809
80007620
765384
2412950
2354403
765384
80083109
2262746
406988
765384
80025652
80034018
765384
80070693
00532479
80021855
80083109
455377
80021269
80000111
2040905
80000083
80083109
80083109
80001219
02326795
02346486
2509067
02238671
2412950
80083109
80002333
2527529
02322374
80068809
80006299
02162822
2241497
02351064
80069493
02289989
80016415
02299712
765384
02326795
02245911
80021855
80083109
765384
80007620
02151588
80002333
80068809
765384
2172909
80046635

80003210
80021855
765384
80007620
80068809
02346486
765384
80068809
02344025
02284847
02326795
559393
02361299
80002617
80003210
80028055
80016965
80041585
80009878
80067448
765384
80104616
00793167
2040875
00712507
80002333
765384
765384
406988
02309858
02162822
2500744
02348888
02432331
02192101
2419556
02346486
02233047
02252279
02427168
02229620
2399768
80068809
80002333
80000111
80002617
80021269
00219207
80021855
02172909
2040905
80006299
80024672
455377
80068809
2304317
2304317
02249766
02422549
02171228
02348772
765384
2241634
406988
00217158
765384
00559407
765384
2040875
80002546
2040875
765384
80007620
02162822
02435462
80083109
80068809
406988
02309858
80007620
02285592
2243796
2537907

2040875
122823
765384
80021855
765384
80068809
2403587

80018311
455377
765384
02151588
80003210

1976133
2522861
2506696
765384
80068809
80030034
00532479
80006245
80005878
02432331
559393
80111053
765384
80007620
80002333
406988
80021855
2321696
80016965
406988
00532479
2291878
02487381
406988
02231214
765384
80043454
80068809
765384
2241634
765384
80002333
80068809
80000022
80083109
80000286
80021693
80016965
406988
80068809
00693502
2484064
765384
00010413
2379279
02249766
02422549
2441888
2241497
2040875
80002333
80002546
02326795
80083109
02395649
02343541
765384
406988
80016965
765384
80055794
00532479
80028055
2176955
80069493
02230334
02385449
02375508
02164256
765384
406988
80003210
80083109
00793167
80049309
80002333
80068809
02466147
02512335
407011
765384
80055794
2423855
406988
80006299
02231214
80016965
02435411
02454130
2494264
02233146
80063083
80021855
80068809
80003210
2040905
80007620


80021855
765384
122823
80068809
02449048
02476576
02441853
02424401
02245911
80000834
765384

02497859
80023929
80068809
455377
765384
00668184
00532479
80068809
406988
2176955
80006299
80005411
80002333
2451239
765384
406988
455377
80021855
80012417
2479419
80068809
02248743
80069493
80063083
80026996
80068809
765384
80000022
765384
02172909
80068809
80003210
765384
00532479
80068809
02245860
00851779
02294583
02381176
02284804
00740748
00740748
00028606
02424029
80013321
80016965
80068809
765384
406988
80069839
80049157
2241634
02289989
2040875
765384
80018311
80016965
80068809
80083109
765384
2549999
02151588
765384
02441853
2364115
765384
80083109

02245492
2315955
80039378
02164256
80000083
80021855
80083109
122645
00532479
406988
80054236
2481677
425362
02360594
02278251
80021855
765384
00532479
80068809
02443937
02444844

765384
80016288
02318164
2243053
02388944
80068809
80083109
2452839
02386755
02441853

02192756
02445875
02267233
425362
02151588
02172909
02164256
455377
02049732
80068809
80000022
765384
02318164
80068809
765384

02443937
2521156
765384
406988
80002333
02151588
80000111
80039031
765384
80068809
80014978
2040875
765384
2543184
80000834
80083109
765384
2462486
2321696
2246060
116882
80083109
765384
765384
02245911
80068809
80083109
80003210
80000011
765384
80021855
80000022
80068809
765384
406988
80002546
80000111
765384
02245911
80002333
02478595
80068809
80068809
80002546
765384
00793167
02503271
765384
02438275
2544245
2443937
02471469
80068809
80010485
80063083
80024647
80004884
2240571
80000790
406988
80043764
765384
80083109
2239051
80039646
02232059
02247911
2343541
2408570

765384
80016965
2040875
2040905
122823
00828793
02346486
80068809
02229620
406988
765384
80021855
02162822
02255316
02326795
02321556
2150328
02381176
80021855
765384
406988
00037613
80061769
80057587
80002333
765384
406988
765384
406988
02049732
80069493
80002333
80016965
765384
80083109
80009878
455377
80061769
2172909
2172909
2167794
02171228
02530708
80021855
406988
765384
80063083
765384
406988
80004334
02231214
80021855
765384
80068809
02151588
80002333
80069493
02184788
80000111
2441888
00731439
406988
80070693
765384
00668184
00731358
765384
80007620
80068809
02322951
02437899
02343541
765384
02350750
02171848
02408872
406988
80021855
80068809
80063083
80007620
80024658
80071439
2465035
02346486
80083109
406988
765384
80002333
02151588
765384
80083109
80000022
00532479
455377
80021855
765384
02231214
80069493
80002546
02172909
00532479
00154032
80003210
80021855
765384
02470373
02474522
765384
2172909
02151588
02289989
00740748
02351072
80021855
765384
80003210
80083109
2040875
80003210
2176955
80061051
80039031
765384
02162822
00765996
02316986
02171228
80006091
765384
00668184
80021855
80021855
80002333
80018564
765384
80021855
80083109
80002333
02516187
00477133

765384
00532479
80007620
02172909
80003210
80011967
02151588
80057587
80037102
406988
80034857
80006299

765384
80083109
00532479
765384
80068809
523224
455377
02248743
00594431
765384
80111395
2495597
80068809
2040921
80003319
80038609
80023637
02184788
80083034
80067448
80070054
02412195
80007620
02248743
80028197
80021855
2412950
2477963
02424401
2437570
00026794
80003210
02151588
765384
80021855
80000022
765384
80003210
02237425
02231214
02247479
80069493
2244550
80004834
765384
02384299
02464012
2435381
765384
80020103
406988
80001336
80021855
80068809

2172909
2231119
765384
559393
2017849
2239606
02282445
2321696
80068809
80002333
559393
80068809
80001336
80000241
02244258
80009878
765384
80059101
02321556
765384
80021855
00668184
2150867

00532479
80068809
455377
765384
80021855
2289261
02171228
559393
455377
80006281
80068809
80006299
00693502
80020103
80043369
80069493
80000241
765384
02049732
765384
80021855
80055794
00668184
765384
00532479
2040905
406988
2237726
765384
406988
80003210
80017035
2237726
80016965
02248743
765384
02151588
80083109
765384
00712507
02245911
80003210
2176955
765384
80002546
80007620
80002546
765384
80068809
2343541
765384
80002333
80008858
2040875
80008502
765384
2245385
02229620
765384
406988
80002333
02151588
80061769
2213192
02255316
2240067
2238326
02316986
02381176
2246010
2241634
02375508
2245523
716642
668427
02229620
765384
406988
00532479
80083109
765384
02317060
80000022
80001544
80021855
765384
02247911
80070679
80083109
765384
122823
2451239
02516187
80002333
80005125
2040905
80068809
80003210
765384
80021855
02245975
122645
309702
765384
2321696
02049694
80006299
80068809
2241634
2477963
80028197
406988
02184788
765384
2172909
80037545
80057587
765384
80068809
80007620
02223546
2371707
765384
765384
80021855
02233146
80038311
80023605
2040875
02229620
80002617
765384
80068809
80068809
80006299
765384
80068809
00179957
02451530
00516805
02475065
80083109
80068809
02423855
765384
406988
2405474
2429039
00559407
80005898
80009878
02239815
00532479
406988
02237449
455377
02241144
80006299
00532479
80070693
80021855
80025178
02049732
02441853
2176955
80021855
765384
80000111
80027224
80002333
2465035
2040921
80049309
02048043
02357682
02284669
765384
80002333
80025276
02151588

406988
80021855
80000609
2040875
765384
2437570
765384
02248743
02171228
2290375
02171228
1933531
80049309
2489597
765384
80083109
406988
80021855
765384
80068809
02237425
80039378
00532479
80068809
765384
80083109
80021855
80022839
765384
02309858
765384
80001336
2458691
2408872
80068809
765384
02436337
80068809
80003210
80021855
765384
80068809
765384
80021855
00532479
80083109
00668184
00693502
80006255
80027977
80021855
00668184
765384
455377
80055794
80068809
406988
80003210
80068809
765384
80056318
2471469
02443937
02049732
80002333
02151588
80082827
80007620
80068809
80063083
2048965
02244258
80000241
80071783
02255316
80001336
80100896
765384
00477354
80021855
455377
80046419
80007930
80057587
02439026
80033279
02232056
02162822
02287072
02255316
02162822
02453150
765384
80028197
80083109
765384
297666
554987
455377
2172909
122823
80003210
02350750
2245385
02365324
2341093
00037613
2357356
00559407

80084270

80075804
80009878
80021855
406988
80021855
02230334
2040905
02232101
02237425
00693502
80028055
00668184
80009878
02242452
80104687
80094914
80100445
80096979
80002617
2172909
80009878
80009226
80095550
02325160
425362
00870218
02234126
2451239
02424029
406988
80007620
80002333
765384
765384
80021855
2474522
02443937
02446928
2145790
80020682
2172909
80068809
80068809
80021855
80083109
2245669
2245126
765384
02324865
765384
2318164
80002333
765384
02172909
80068809
80007620
80015552
02381176
2237726
765384
00559407
80002333
406988
00532479
80021855
765384
80031735
765384
2040921
80070693
02471469
02247479
02172909
2500582
02207664
2263211
02171228
02348772
2304317

01916947
765384
80002546
80068809
80021855
80068809
765384
80003210
80000022
02162822
02299585
80068809
2241634
80068809
02460661
02530244
02151588
80007620
765384
455377
80068809
80000134
80003210
2453355
02248743
2040921
02159589
80018967
406988
00021431
02184788
02443937
2465035
765384
406988
02516187
80022161
00712507
02381176
765384
406988
80001336
00712507
80008851
765384
80014978
406988
2241634
765384
80006299
02231162
80049679
80001544
2339099
2172909
2040905
765384
406988
80021855
80068809
406988
80083109
765384
80021855
80016965
80000286
2477963
2412950
765384
00532479
80083109
00559407
80028197
765384
80073274
80004853
2421488
2421488
2170493
02385449
02344858
02238341
02495597
2245669
80025310
80021855
80068809
00693502
80002333
80029999
02248743
455377
2176955
80004529
765384
80117489
80129335
406988
80089237
297666
80028678
00712507
80037616
455377

80068809
765384
406988
80068809
765384
2241634
559393
2452936
80083109
406988
765384
00477133
2241634
02309858
02444844
80016965
02427168
765384
80068809

80068809
80078274
765384
80021855
80083109
80068809
80068809
80047274
2327902
80002333
2040905
80068809
765384
00712507
80000241
80014978
80039378
80000079
80021855
00693502
80021737
80002333
80002671
80007364
406988
80065374
122645
80021606
00712507
02049694
80015630
80000241
02320916
80022161
80021855
765384
406988
00179957
80007620
00668184
406988
80006299
80021855
80035523
80000241
80083109
406988
765384
2429861

80068809
80000269
80002333
00833290
02049732
765384
02436213
80002333
80000083
80068809
80068462
765384
842826
782483
13803
13803
00815136
80068809
02244257
2040905
80016965
80000079
2176955
02237425
765384
02439026
2241634
80004334
02184788
02172909
80021855
2354403
02371146
80000022
02162822
02381176
2040905
2048965
02427168
02190885
02384299
02384299
765384
80021855
80068809
02236927
2493578
2451239
2322498
80002617
80037349
80009878
455377
80068809
80002654
80061769
02365197
2247521
2519348
02427168
559393
80068809
00504874
00712507
80042634
2048965
80021855
765384
02240935
80000111
80069493
80083109
406988
80021855
765384
02427168
80006299
80068809
80006299
00833290
765384
2322374
80068809
80063083
80002333
80090051
80043658
559393
80062766
765384
80002333
80014978
2176955
80030134
80007930
00793167
80001336

80021693
02245911
765384
2150328
765384
80068809
80090114
02360594
02443937
2393433
80083109
765384
02309858
80007620
02229620
80043120
00514497
765384
02151588
02239815
21288
02366940
2341093
2521156
765384
406988
02223546
765384
406988
80067448
80003210
80070693
02162822
02284847
80068809
02172909
00693502
559393
00870218
2239141
80003210
765384
80003210
80009133
02164256
80059290
765384
00532479
765384
80068809
2301733
80063083
02471469
2499967
80002333
765384
406988
2299585
02231214
2040905
406988
80014979
00712507
80083109
2301733
765384
02248743
765384
00693502
02151588
02470675
02531402
80006281
00833290
122645
02248743
765384
455377
02248743
80068809
2040905
80000043
765384
80016965
80009761
2241634
80015552
80083109
80035931
80069493
80002546
765384
00532479
2143445
80001336
00693502
02248743
80007930
80068809
80002546
80003210
406988
2017849
13803
2438070


80001336
80083109
765384
80054325
80068809
80003210
80021855
80027127
2172909
765384
406988
00532479
80007620
2515970
2237726
765384
02443937
02471469
2544245
02229620
00793167

80006299
80083109
02240743
02245389
02049732
765384
80001219
80032510
2172909
02231214
765384
80002333
02237425
02161192
00532479
2533049
2521156
02351420
02504987
02381176
2518821
02446928
2263211
80002333
02427168
02238671
02348772
2500582
02255316
02441098
2426153
02238004
02236958
2301733
00790419
2213583
765384
2248239
80003210
406988
80039378
80007517
02413388
2248307
1919458
2451239
765384
80059290
80002546
765384
80069493
80083109
765384
02245911
80000834
80002333
80000111
765384
02162822
80002546
765384
406988
2443937
02471469
765384
80012474
00532479
406988
2239471
02049732
80007620
80002333
80001336
02151588
80021855
765384
80083109
455377
80000576
00668184
02231214
80014401
80014978
1933531
80039079
80068809
559393
80083109
00532479
2471027
80065947
765384
00532479
02049732
80068809
02432889

2419882
406988
765384
2040875
80003210
2040921
02153971
80038119
80022124
406988
80024154
80057587
80051589
80068809
2341093
00010413
2413469
02446057
02471469
02443937
2176955
765384
80016288
80003210
80068809
765384
80061769

765384
80021855
80079711
765384
406988
80111945
2243919

2522861
80068809
406988
02248743
406988
80021855
02402874
80068809
02245911
122823
80021855
80033279
80071042
80032606
80004529
765384
765384
80069493
2040875
765384
80002333
765384
02427168
00851779
406988
80006299
2241634
406988
765384
80005459
02229620
80015993
02247911
80006299
80078274
765384
80068809
765384
80009878
80006299
406988
2241634
80007620
80006299
80007620
02326795
02309858
00485837
02346486
00532479
406988
765384
80016288
02184788
02231162
80046635
00030910
02484382
407011
406988
765384
2444844
765384
80014401
455377
80021855
406988
80012474
2237726
2521156
2481685
2438925
02305062
406988
02229620
2341093
02458640
80021855
80006299
80003210
2040921
765384
406988
2481677
02049732
00016039
80079743
765384
80068809
80021855
80000011
80053756
02475065
02309858
765384
406988
80021855
02422549
02510219
02346486
02326795
312800
02321556
02385449
2263211
2243588
2241497
80002333
80004610
80038119
80021855
80069493
765384
02229620
80068809
765384
80073274
2514532
02309122
80004502
2176955
02229824
2408872
2511045
02170671
2486828
406988
765384

02343541
2237726
559393

02519127
782696
13803
2500582
2461323
02309858
02443937
2467860
2243919
765384
406988
2341093
765384
765384
80016965
80002333
00532479
80021855
406988
00668184
00833290
80006299
80070693
00532479
80123097
455377
80030004
2443236
765384
80021855
02162822
00294322
02255316
02348772
80078274
406988
80041407
2172909
80061769
2393190
80056164
80049309
765384
406988
80068809
80078274
80001336
80002617
2412950
80006299
80002333
455377
80035725
80028197
559393
80061769
00532479
00668184
80068809
80009878

00712507
406988
00554642
02443236
2322374
02348772
00426857
2304317
02381176
2275074
455377
80068809
80000269
8002617
02359456
02246793
2245385
2204606
2241497
80022717
2242067
00846341
2461811
02229620
80022757
309702
406988
611174
02283905
80021855
00030910
02171228
80002333
00668184
765384
406988
00793167
80083109
2413469
765384
80039031
406988
02469022
80003210
455377
2172909
765384
02184788

406988
02049732
80016965
80078452
80003670
80033259
80068809
765384
80068809
455377
80047935
80021855
765384
80003210
80021855
406988
80000083
765384
00532479
00793167
02443937
80021855
80001336
00532479
80006299
02427168
80003210
80007620
80068809
80021855
765384
80007620
80030004
406988
02471469
80068809
80003210
80008851
02243425
765384
80007620
00712507
1933531
80014978
80001088
2434407
80068809
00793167
80068809
02516187
02238704
80083109
80002333
80057587
02172909
765384
80025310
80025898
80083109
80033271
80039025
02239815
80102798
00532479
02443937
80068809
765384
80003210
2481677
02321556
02248743
80006299
406988
2040921
2241634
02446081
02483874
765384
455377
80083109
80016288
80028483
765384
80021855
80002546
2040875
80057587
455377
406988
80068809
80039031
80006299
80021855
02238465
80007620
406988
765384
02172909
02245911
765384
765384
80021855
80068809
02239815
80070693
80002333
765384
80004055
80033464
02184788
00532479
80028055
80027319
80078274
80068809
765384
02344025
02365197
02346486
2185938
765384
02171228
2493578
80046175

00532479
80040726
02231214
765384

00029246
2322498
02245345
02245127
00790419
02300524
02248088
00731439
02519127
80068809


02255316
02427168
2251531
00532479
2237726
80068809
765384
2439654
765384
80083109
00532479
80003210
406988
80068809
80069493
765384
80003069
406988
00668184
80006299
80007620



765384
80039031
00833290
80002333
80007620
2177889
80002333
765384
2172909
02377934
02381176
02159589
00532479
765384
80002333
2172909
765384
406988
2522861
559393
765384
406988
80002333
80021855
765384
02321556
02451530
02530708
80068809
80021855
80021855
80068809
765384
2237726
80002333

80009878

122645
80000083
80135576
02229620
80070693
00668184
765384
80070693
00833290
80068809
00532479
80002333
80043658
02241144
80068809
2040875
765384
765384
02245492
80021855
80015993
80051739
765384
2443937
2176955
406988
00668184
02171228
2322498
80028055
80036328
80004334
80048099
00404160
02161192
00532479
765384
00332100
80000011
406988
80038778
00668184
80016288
02240935
80070693
02241202
80021855
80043658
80007930
80025987
02229620
80068809
02247479
80000111
2040875
80062149
765384
80083109
80021855
02151588
2176955
02427168
716618
80068809
80083109
765384
80013321
406988
2472945

80069493
80021855
80002546
406988
765384
2408570
02360594
2412691
765384
80068809
80021855
765384
02162822
02255316
02346486
2443937
2237367
00878901
402788
02381176
02162822
02427168
80068809
80003210
80000111
80021855
765384
02384299
00793167
2458640
406988
00532479
765384
80021855
80083034
02326795
765384
80021855
02427168
02427168
80021855
765384
2484064
02247386
2237726
80106853
80026948
80016599
80068809
2248098
00793167
80037664
80009878
02348888
02284723
02255316
2460513
02475065
80068809
80003210
00559407
00179957
80042345
80083109
80083109
765384
2040905
2040921
80000241
02443937
02471469
765384
765384
80001336
406988
02245389
00426849
2172909
765384
00668184
02237425
02239941
80003210
02223546
1933531
559393
02320916
765384
80068809
80021855
02248130
80021855
765384
00559407
1933531
02172909
765384
80068809
765384
02245389
80012029
80002333
1954237
2229080
02243181
02282097
02170671
02239941
00263869
02171228
406988
00426849
80002333
765384
00532479
80021855
2481677
02172909
80012580
2457741
2234502
2534835
00790419
02520397
02317559
02243919
02232056
80002333
00693502
455377
765384
80031154
80021855
00793167
80003502
02247439
02479796
02049732
80004529
80006299
02326795
2150328
80034312
765384
80068809
765384
80021855
80083109
2555263

80021855
80068809
765384
80069493
80003210
80012580
80068809
02519127
80057587
80000083
80001336
80068809
765384
80007930
02348888
02385449
2247238
765384
02446057
2468565
02151588
02248743
2241634
406988
80003210
80002546
80068809
765384
80014401
2172909
80112429
2481677
406988
765384
02268418
02432331
02247732
00548359
80000111
00668184
765384
80002546


00532479
00294322
80068809
02301482
02421712
02343010
02376946
02317893
02361663
02171228
765384
2294745
00513962
00793167
2150328
80069493
80021855
765384
80070693
02465949
80003210
80083109
80021855
02049732
455377
00668184
765384
02427168
80000022
02232056
2040875
765384
02245911
406988
80061769
80068809
80068809
765384
80021855
406988
80005413
02381176
02246512

2172909
2040905
80021855
02245911
80002333
765384
406988
80061769
1933531
02223546
2451239
716618
2481677
02240935
406988
765384
765384
02162822
02365197
02326795
02244896
80002333
80083109
80001088
80068809
765384
00532479
406988
80068809
80002546
765384
80031154
765384
80083109
80001336
80002546
02289261
80083109
406988
765384
406988
80049309
2439654
2451883
2497581
02443937
02471469
80003210
80068809
00217158
1983504
80002333
80073824

02439026
02443937
02162822
2304317
455377
02248743
02246362
765384
559393
2150328
80068809
00477133

80068809

2176955
765384
80001219
80003210
02427559
80068809
80051589
80001336
765384
2487381
02534800
00793167
02456230
00021679
00833290
406988
02381176
2247386
80068809
02438275
80068809
80002654
80003210
80006299
02230334
80025537
02241403
00643211
406988
02436523
02475065
80000834
13803
00294322
2468565
765384
80003210
02229620
2172909
2172909
02156512
765384
80021855
765384
80014401
80024386
80021855
80009136
80083109
80007517
80039378
80047274
02162822
02255316
2247933
02351420
02316986
2281228
80015552
02287072
2310899
02326795
02229620
80004529
80001088
80007620
765384
02255316
02503271
02153483
2461692
80021855
80083109
80000269
80002333
02240935
559393
02321556
02471442
2531364
02468891
765384
02164256
80012580
80021855
80006299
80002333
00504874
80002546
2176955
406988
80068809
80003210
02151588
765384
80007620
406988
80002546
2403587
2412950
80021855
80003210
00532479
765384
02162822

80090933
00668184
80021855
80005413
80002546
80068809
80003210
02184788
2040905

02231214
00757500
02294583
00668184
80001088
02427168
80068809
80002617
2363399
765384
80055794
406988
02049732
80002333
765384
2522861
02443937
02162822
02309858
02458144
02471469
02427168
80068809
559393
765384
80021855
406988
80068809
02244258
80002333
80016965
80059577
765384
02427168
80002333
2265540
765384
80002333
80068809
02049732
80014978
80047935
80083109
00332100
80004610
80014401
80014956
80060367
02343541
80021855
765384
80068809
80057587
80016965

2242303
80083109
765384
765384
406988
00793167
406988
2328666
80009878
80003210
80068809
765384
80068809
80006299
2512629
80016965
2321696
02470675
741183
406988
2240266
02255316
2237726
80068809
80021855
765384
80057196
80039378
80033805
80002617
80068809
02530708
2339099
2237726
02471469
02236958
3078313
80021855
02049732
80068809
80003210
406988
765384
455377
765384
765384

765384
02248743
2040875
02172909
406988
00178799
00022772
02171228
2521156
2481677
2515970
02229620
406988
765384
406988
02377934
00693502
80075323
80002333
2286610
765384
406988
02243506
80002546
80068809
80068809
2040905
02172909
80002333
00532479
765384
80051589
00016039
765384
80034528
455377
765384
80016965
406988
765384
02151588
80016965
02360594
2439786
02346486
02309858
02232056
80068809
80003210
80030437
80002333
80002654
02238004
02427168
02350750
455377
00668184
80021855
00532479
765384
02323052
2521156
02446928
02518732
406988
765384
80083109
765384
80068809
80001336
80002333
406988
80002333
2439786
406988
2549999
80009418
80021855
80057587
2040921
455377
122823
80068809
00404160
2176955
765384
406988
765384
00532479
80003210
765384
2477726
02232056
80022124
80021855
406988
765384
00668184
00828793
02248743
80009878
80028055
80068809
2150328
80068809
765384
406988
02441853
80068809
765384
02346486
2326957
02162822
02158590
765384
80027127
00532479
80059577

02471469
765384
80002333
80039031
2040921
00833290
00021431
406988
80002546
02460025
02384299
771376
02344025
2555263
2248570
765384
80068809
02394839
80083109
80001481
02321556
2248307
80001336
80003210
80068809
765384
455377
2176955
80001088
02484218
02519127
765384
80002333
2040921
455377
02238004
02432331
00016039
2426153
80007620
80028197
80021855
2048965
80068809
2321696
765384
80083109
02161192
80068809
80002617
2040905
765384
2040905

02456575
02471469
2481677
02408872
80068809
406988
765384
80007620
80002333
80002333
80083109
80063083
80002333
00693502
02239815
765384
80049926
2172909
80029321

80060192
02439913
2451239
80009878
406988
2040875
80046123
2172909
80048577
02241332
80000834
2301733
80089177
00693502
00532479
765384
406988
02244257
2176955
80002254
80021855
2289261
80000111
406988
80009136
80015552
80050449
2454068
1945912
80068809
80069493
80082827
80000269
80002546
80009136
765384
80021855
80007620
765384
00426849
80034667
80069493
765384
80004529
406988
02247479
80000286
80003210
80006299
80021855
2248307
80021855
80068809
406988
02248743
765384
2493268
02348772
80083109
80007930
80080603
02242011
765384
2479877
2299585
00833290
80006299
02441853
2247439
02351668
765384
80021855
02171228
80002333
80068809
00532479
02439026
80055794
80002333
80068809
765384
406988
80066848
80057587
80074794


80049309
765384
80068809
765384
122645
455377
80037102
406988
80003210
80001219
02245982
80006299
80069493
2040875
00532479
00668184
80068809
765384
80021855
80002333
80000111
80021855
765384
80068809
00532479
02479877
02432919
80003210
02245911
765384
02507471
2471469
02520303
80003210
2241634
00532479
80006299
80068809
406988
765384
02237425
00668184
80021855
00532479
80070693
00833290
02326795
80068809
2176955
2248307
765384
2040875
80003210
80037324
80006384
80005413
297666
80025201
80021855
02246362
80083109
765384
80095743
02172909
80007620
80002333
02162822
2499401
2481677
765384
406988
1933531
80000022
80002333
80068809
765384

80013210
765384
02519348
80083109
02151588
80002333
80006299
406988
02172909
80028197

80068809
765384
00532479
455377
765384
80007620
02284669
00217158
80003210
80061769
765384
80068809
02424401
80021855
80068809
80068809
765384
02239815
80000241
02049732
80007620
80068809
406988
765384
02321556
2483300
80068809
2176955
80078274
80021855
80021855
765384
02309858
2040905
2504197
80007620
765384
2343541
02229620
80003210
80068809
80068809
80021855
80001336
80009418
2040921
765384
02245389
406988
00417904
80002333
80000022
2176955
80021855
02241202
455377
80070693
80027011
80023637
80113703
122823
765384
00668184
02151588
80002013
80069493
554987
2435853
02435411
00755842
02244896
80014401
00039365
80083109
80001544
80021855
80068809
80043181
80001147
80021855
02151588
765384
80068809
80061769
02471469
80001088
80068809
02184788
455377
80002333
765384
80007620
02427168
80001336
2040905
765384
80082827
765384
2150328
02086026
02264846
2444844
2244353
765384
80083109
02049732
02427168
2283395

80059536
765384
80069493
00532479
80068809
80003210
80049309
765384
00039365
00477354
02162822
02287072
2414570
2172909
80021855
80083109
80003210

888524
2480808
2519038
00509558
02456575
406988
455377
80006299
297666
80007517
80080328
406988
80068809
406988
765384
80021855
80001336
80060745
02439026
02247479
406988
02230977
80001806
80021855
80035293
80002701
80068809
00668184
02233146
00793167
2245385
02240743
80006299
2048965
80047274
80039378
80002333
765384
406988
122823
02231923
80083109
80068809
80002333
2324776
80083109
2040921
765384
297720
80061769
02443937
80001336
80059577
80063083
02245389
2237726
02320789
80012580
80003210
02151588
80068809
765384
02229620
80021855
406988

2456451
02424126
406988
80068809
765384
455377
80021855
80007620
02248743
80089177
455377
80068809

122645
765384
80021855
02309858
2265540
2341093
765384
80006299
80060806
80039239
80049986

80057982
80061769
02247479
80068809
80068809
765384
80021855
80002333
406988
80039031
80021855
455377
80088153
00532479
765384
406988
765384
80083109
02248743
80021855
02449048
80021855
02248743
80007620
406988
80006299
00154032
2243880
765384
00532479
00833290
80001961
80023637
80024488
406988
385441
01950592
02475065
559393
765384
2150328
80016965
2290375
2172909
02156512
00026794
00345415
80021855
765384
80083109
80021855
122645
80068809
80002333
2040875
02239815
00477354
2415305
2512629
765384
406988
765384
765384
80021855
80035769
00586188
80111262
2213192
02377934
02321556
00028606
02224690
02284847
02530708
02351072
406988
765384
80000834
2500019
80068809
80075766
80023254
02239815
80021855
00532479
765384
00668184
80021855
80082053
00217158
80002333
80000111
02231214
406988
80014401
765384
02229851
2040875
80069600
2343541
765384
80083109
2172909
80068809
02232056
765384
80021855
80000083
2176955
80070209
80000111
406988
80007620
80011612
765384
2242303
80068809
80002333
765384
80021855
00532479
80069493
80002333
00833290
2040875
80070693
765384
80021855
80003210
765384
02231214
80068809
80001336
00693502
80068809
765384
02247479
80015586
02049732
2040921
00793167
02357682
02388944
02309122
02282445
2301733
00154032
80002333
80068809
765384
80021855
80003210
80083109
80006384
2172909
80057587
00532479

02471469
02326795
02255316
2265540
02162822
02435462
2294745
2241497
765384
80004529
80030034
80006299
80001336
406988
80002546
80021855
80006299
02049732
00532479
455377
80003232
80021855
02255316
1933531
2443937
2438275
765384
80021855
2241634
80110882
80009878
80047777
8002617
00532479
00793167
00668184
406988
765384
80004529
80002571
80069493
765384
80090051
80068809
406988
02049732
406988
80083109
00793167
406988
2354403
406988

23949
2501244
80068809
2487187
02456532
2478137
765384
00532479
00668184
80083109
765384
02231214
2040875
80001336
765384
80068809
02237425
406988
80000286
80006091
765384
80021855
00477354
80009136
80002333
00147656
80051568
765384
02248743
02439026
455377
02381176
02282445
02351420
02321556
02348888
80068809
80002654
80014978
80024275

2303671
765384
406988
02301016
80036420
80000022
80035523
80068809
2040875
765384
80021855
2040921
80039031
2048965
765384
02229620
2150328
80068809
455377
80001336
02151588
02232056
80001088
02236958
2243919
80013321
1900404
02241144
80068809

406988
765384
02248630
80026666
80018311
80004334
02184788
2176955
02151588

765384
80021855
00021431
406988
765384
80002333
2241634
2040875
765384
80003210
80022161
765384
02343541
2269198
80083109
765384
00532479
765384
765384
406988
2172909
02309858
2452367
80046175
02516187
2296527
765384
80021855
80068809
00532479
2213672
765384
80021855
80068809
80002333
2040875
02172909
80033279
80003210
455377
765384
02049694
02439026
80069801

80014978
80009878

00532479
80002617
00404160
80036804
80000011
80021855
02377934
02381176
2534681
02348772
80068809
80007620
765384
406988
80001219
80003210
00833290
2495155
80071981

2432919
02343622
02516187
2040905
80003210
80021855
00712507
80006299
00532479
80021855
765384
00668184
02240678
765384
00532479
80021855
765384
406988
2326957
406988
80006299
765384
80021855
80003210
80000269
80068809
2176955
02231214
80002546
2040875
80000834
80003210
80021855
765384
765384
80037227
765384
80083109
00793167
765384
80021855
80003210
2040905
80000241
02172909
80023317
80063091
02245562
80035126
02461749
02456575
2322374
02423596
2176955
80068809
80003210
02245389
80021855
765384
406988
80002333
2040875
80001336

80083109
765384
406988
02223546
309702
02151588
02237449
80068809
80006299
80002546
2040875
2243054
80021855
2241634
02320916
80068809
2040875
765384
02309858
02427168
80002333
123129
02223546
406988
80007620
00532479
765384
765384
00712507
80000022
80021855
80083109
80021855
765384
80083109
80003069
80017878

80033268
80000320
80000241
02172909
80006299
80007620
514012
765384
2241634
80002333
80004815
765384
80010580
80021269
02172909
80068809
02239815
80083109
80069493
80002311
80039378
598194
318973
02248727
2408570
2041413
80055794
80005413
80021855
80068809
80009878
80003966
02439026
80002333
02229620
406988
80020987
765384
80083109
02245389
80001290
80021855
765384
00532479
80021855
02162822
2468891
2481677
80021855
765384
02229620
80002546
80003210
80034261
80068809
765384
406988
2449811
765384
765384
80021855
00668184
00793167
80029336
80068809
02497506
2504197
2237726
407011
80011612
80021855
80068809
2265540
00294322
80021855
02232056
80000111
80068809
02497581
2446057
02443937
80107274
80021855
80015630
02049694
00668184
80002546
80068809
80007620
02231214
765384
80032333
407011
80062149
406988
80021855
765384
80002333
2487187
80068809
02530708
02163772
2281228
80055794
80031154
80068809
00833290
80068809
2472945
02229620
122645
80068809
02248743
765384
406988
02343010
00532479
765384
02172909

80083109
02238004
02237419
02309858
80002333
80039889
80007620
765384
02441853
765384
80014401
80021855
2499967
765384
80083109
406988
2463784
888524
02396327
2410265
02255316
00029343
765384
765384
80083109
80069493
406988
80068809
80018311
2363399
2341689
02238671
80002333
80069493
80039378
406988
80069493
455377
2040905
80000111
02248743
00712507
80003751
80022161
455377
80068809
02172909
80016965
02248743
80021855
765384
406988
80068809
02471469
00514012
80046081
02346486
02162822
02446928
02287072
2518821
02427168
2443937
2048965
80002333
80005634
80021855
00532479
122645
80000022
80007676
80003210
122823
80052449
80034322
80039378
02172909
2040905
2241634
80021855
406988
80007620
80016965
00712507
765384
406988
765384
02240743
455377
02479877
80000022
2040905
80070693
406988
02248743
02443236
02488000
2475804
765384
80021855
02172909
00693502
765384
02049732
406988
80068809
2478579
02309858
02381176
02255316
00618632
02427168
2363399
02173344
00532479
80012580
80061769
80068809
80068809
80021855
2242303
80061295
80073403
80003824
80054511
80002531
80106984
80068809
80068809
765384
80021855
80002617
80039378
2150328
02184788
02229620
80000476
80000011
2278251
80006299
406988
80071439
00532479
80076562
765384
02240743
2040905
122823
02432919
765384
80001481
716618
80069493
80078565
02350750
1933531
765384
02455102
80068809
80120962
80021855
80007930
00477354
765384
80002333
02231214
80039378
02231903
80104769
02462850
02170671
80029632
765384
80083109
02255316
02237824
765384
00793167
80016965
80103207
02240743
80021855
2040905
80068809
765384
80002333
80007620
80021855

80066318
80068809
80002333
2176955
406988
765384
80076160
80002546
765384
02171228
80002333
00532479
80036653
80041095
80046635
00693502
765384
02284847
02237596
80021855
02231214
80049309
80051589

80002333
2237726
559393
765384
2040905
80043454
80061769
02299585
02164256
406988
765384
80083109
80068809
80073819
02381176
326844
765384
80021855
80043658
2522861
2438917
559393
2256142
406988
765384
01923420
2040905
80116516
00217158
80061769
406988
02309858
765384
02231214
80083109
80041539
80002333
765384
80047274
80007620
2271931
00496480
559393
02441853
2172909
80083109
765384
02049732
80021855
02237920
80001336
02346486
02296713
2405474
782483
02519127
80083109
765384
02230711
02255316
02170671
765384
2176955
02171228
80008858
455377
80021855
80029336
00668184
765384
80070693
80005413
80051809
02237425
80002333
122823
80073994
2451239
02476576
80021855
765384
406988
80039031
02479877
765384
80083109
1910272
80068809
00828793
80068809
765384
2040905
406988
80021855
765384
455377
80015552
00668184
00532479
02427168
80002333
80068809
765384
80030100
2321696
00828793
02345218
02523353
02360594
2406020
02381176
02443937
02287072
80068809
80003210
80021855
02427168
00532479
02172909
765384
80003210
80021855
176095
02236958
80068809
80021855
80002333
80061769

02284847
80016965
80068809
80007620
02385449
80021855
00668184
02231903
80070693
765384
02441098
2241497
00594431
80068809
765384
2489228
771376
02388944
02381176
02171228
02424401
2425610
2153483
02385449
765384
406988
80002333
2172909
80068809
455377

80001290
80014724
80068809

80002333
80009878
80083109
80002333
309702
765384

80068809
00532479
2451239
765384
80083109

02365197
2341093
02502666
80083109
765384
80021855
765384
122823
00021431
2241634
2241634
00477354
765384
407011
02377934
765384
02385449
765384
80083109
02128586
02239930
765384
00532479
765384
80005125
80002617
2471469
406988
02346486
406988
765384
80059149
80026282
80083109
765384
406988
2172909
80001916
2040905
02443937
02471469
80006299
02348772
02388944
02326795
2426153
00532479
80046338
80045827
80024647
80021855
02172909
80003210
765384
80083109
00532479
80083109
80082827
02241332
80068809
80043658
8002617
2040905
80021855
2321696
632734
02282445
02385449
02309858
02475065
2040921
80002617
80002333
80001336
80078274
2176955
80006091
406988
765384
455377
80021855
765384
80003210
00017841
80037102
02233146
80083109
02151588
80006299
02231214
02248743
02346486
765384
80003210
2374757
02521172
00532479
80069493
80002333
80000111
2176955
80039378
80016965

765384
00294322
02255316
765384
80002546
80078274
80015993
406988
80003210
80004334
80000022
80003210
406988
80014978
80004529
80068809
02245911
80055794
02184788
765384
80021855
406988
765384
00668184
80083109
00532479
00643211
02172909
80002333
02192101
02484218
02439123
80000790
765384
80000269
00693502
00668184
80068809
765384
80021693
559393
765384
80061769
2172909
02213028
80055794
80068809
765384
80068809
02360594
765384
02309858
406988
765384
80002333
80000269
406988
00833290
765384
80000111
765384
80068809
02255316
02239815
765384
80021855
1919458
2505215
80000834
765384
80089177
80021855
02151588
80068809
00021431
406988
80068809
80023605
02171228
02471027
02084090
02435853
2172909
00532479
765384
406988
80004044
80009761
80068809
80083109
80016965
2321696
00793167
2241634
80002333
80039378
80083109
80021855
80024386
80014978
765384
80002333
2040921
80083109
02172909
80028055

765384
80068809
80002333
2321696
765384
80068809
406988
02377934
80068809
2040905
765384
455377
80021855
765384
80068809
80068809
80083109
406988
765384
80021855
80021855
765384
02240743
00532479
2343541
80007620
80007620
02245911
80061769
2040921
80002617
02229620
80021855
80003210
765384
765384
80021855
80006299
00693502
80001088
80039025
00532479
765384
02300524
765384
80021855
80000834
02171228
02422549
406988
80006299
406988
765384
2040875
02255316
02375508
80066541
80006299
80003210
80021855
02231214
80059986
80009395
2040875
2174383
765384
00477354
2432943
765384
406988
2520141
80002546
80025200
80068809
00532479
765384
406988
80002333
765384
80068809
765384
122645
00532479
765384
765384
80021855
02173344
00532479
80003210
765384
80068809
765384
02244247
80017878
406988
765384
80083109
00532479
80021855
02239815
80002617
765384
765384
122823
80068809
80021855
00668184
554987
00532479
80069493
455377
80002333
80007930
80004334
02239815
765384
406988
765384
2172909
80107427
80001544
80021855

80003210
02239815
765384
297720

80067448
80007620
80006299
02151588
80002333
122823
80028055
80021966
02172909
2451239

2408570
2241634
406988
80021855
765384
80068809
2040875
765384
80002333
2176955
765384
80068809
80021855
80004438
80034322
80028197
02231903
80016965
00122734
80051589
02172909
80030034
00532479
765384
00532479


02377934
2434652
02360594
2465035
80024137
80039646
80069493
765384
80002617
2048965
80068809
2433761
00793167
80002333
406988
80006299
80083109
2408570
80068809
2040905
02245911
80068809
2149133
765384
2040875
02049732
765384
00532479
00668184
2451239
02516187
02516187
2451239
80004347
01993909
80021855
2549999

00477133
02284847
406988
80009878
765384
80068809
765384
406988
80068809
80022727
02151588
80069493
765384
2406330
80007620
765384
455377
80002333
00532479
80068809
80083109
80006299
02381176
80000111
80068809
80021855
80000111
00532479
80002333
80006299
80018654
02239815
02172909
80000609
80035931
02394839
80068809
02229620
80020919
80035666
2040921
00147133
01993917
80021855
80022425
80003210
80021855
765384
80124388
80018722
00881961
765384
455377
765384
80067448
80003210
80006299
406988
80068809
80008851
765384
02381176
765384
80033239
02239815
02439026
00793167
80096859
02151588
80000111
80020103
80083109
765384
80090051
80003372
02427168
02424401
2363399
02344858
02365324
02381176
02309858
2426153
02427168
765384
80068809
80021855
297666
2040921
2172909
80003129
80068328
765384
2040875
80068809
80007620
765384
80068809
765384
80007620
02184788
80068809
80003210
02247479
80003210
80070782
02171228
02317893
02284847
2144263
02381176
2423596
2408872
2241497
2237726
80002333
80007620
80068809
02049732
80004529
80039378
2241634
765384
80057587
406988
02377934
326844
765384
406988
765384
80001290
765384
80021855
80007620
80021855
80068809
80026948
2040921
765384
80067448
2363399
2245860
02284847
02239941
765384
406988
2241804
00532479
02471027
80002571
02397331
765384
406988
2172909
02454130
2467224
765384
80002333
02397331
2456230
02346486
02368544
2285169
02255316
2237726
765384
455377
2481677
2432919
02298589
02223546
80068809
455377
80002333
765384
00504874
80004334
00793167
765384
2040905
80064047
80000609
80039378
455377
80057587
80057587
765384
2512629
02241332
80068809
80083109
455377
80003210
00793167
2237169
02213001
80068809
765384
2427966
02381176
406988
02516187
80068809
80030004
80111262
00532479
80055794
02439026
80021855
80030004
80000111
00693502
80009878
80021855
455377
2040875
80002333
80125482
765384

888524
406988
02441853
406988
2040875
80063083
80091732
80002617
80069445
2493578
2451239
00039365
765384
80021855
80001219
00668184
765384
80002546
765384
8002617
80068809
80057587
00482137
02424401
02237824
00833290
765384
2040921
80069493
80002333
80021855
765384
00793167
80068809
02049732
00712507
2172909
80066318
00793167
80068809
765384
80018311
765384
80021855
80057587
765384
80021855
02184788
02171228
80016965
02239815
765384
02171228
765384
80002333
02248307
01945254
80009136
80033087
80068809
02350750
80102095
02444844
80061769
02424401
2296462
02519348
765384
80068809
80021855
00668184
02151588
02479419
2429861
2048965
80059577
765384
122823
80002333
80000083
80058362
765384
2048965
02184788
02248743
00712507
80012580
80021269
00532479
406988
2385619
765384
00668184
00712507
02184788
02506564
02248088
80002546
765384
80007620
765384
80006091
80002333
00870218
02171228
02299712
80083109
765384
765384

80038119
80002333
2321696
750824
00532479
80083109
765384
80021855
02229620
765384
02232056
02049732
80002333
2321696
02512629

02238671
02377233
2210428
2236951
2533642
2176955
02248743
765384
80039378
80000111
80016288
455377
765384
80002546
80016965
765384
80006513
80002333
00039365
765384
80068809
80001336
80002333
80021855
02151588
80083109
80038685
80033087
765384
80002333
80068809
02309858
02475804
80006299
80069493
02171228
2040921
765384
80003210
2231603
2103680
02171228
2379279
02248743
00833290
02049732
80025575
80021855
00532479
765384
00668184
80002333
02231214
455377
80055794
765384
80021855
765384
80083109
00712507
2408570
00668184
80007620
297720
406988
122823
80009878
80043658
80003210
455377
80068809
80068809
765384
80097959
2458691
80021855
80068809
406988
80007620
80021855
2241634
2240910
02234126
80083109
765384
80002333
80021855
02427168
455377
80002333
765384
2237824
02424401
406988
80021855
765384
02223546
80012580
80021855
406988
2176955
455377
765384
80068809
80083109
00693502
80047274

02172909
80068809
00793167
80021855
765384
00532479
406988
80007620
80021855
2172909
80061769
455377
2481677
2237726
765384
80003210
80068809
2241634
02245821

02243919
765384
80002333
765384
80021855
00532479
80083109
02424401
80068809
80043489
2248307
80043773
80083109
00793167
2472945
80069493
80007930
765384
80021855
2040875
80003210
02343541
80041095
80014978
2172909
765384
80083109
02238709
80021855
00532479
80006299
80000083
80007620
2481677
765384
02248743
02424401
80009878
80003210
80003210
80039031
00712507
02381176
00828793
80001336
00668184
80021855
765384
02049732
80076751
00696390
80004884
406988
80021855
80007620
80068809
455377
80083109
765384
122823
02248743
00833290
80069493

80000241
80002617
80068809
80021855
02049732
80068809
80057524
765384
2451239
80021855
80064047
2176955
80070693
00668184
80007930
80006299
455377
1919458

00563137
80003507
00633690
80047274
2172909
02049732
80068809
765384
80002333
309702
02151588
2176955
80078274
80068809
80021855
02184788
765384
80017035
02239815
80069493
80001544
02172909
80003210
80039378

00030910
2441888
80044389
02151588
02516187
2322498
2549999
765384
80039031
02321556
2237726
02479877
559393
80009136
765384
406988
2040921
80068809
765384
00532479
765384
80083109
80028365
765384
765384
80083109
765384
00793167
80068809
406988
765384
80083109
80043658
80083109
80069493
2174383
406988
765384
00559407
765384
02240743
80068809
80030034
765384
00532479
765384
80021855
00668184
80021855
406988
00532479
80002333
00514535
2471469

02244353
765384
2512335
80075323
2172909
02351420
02472945
80068809
00532479
00668184
02184788
765384
00793167
02443937
80025276
02229620
80005817
2451239
2432919
00532479
608882
2017849
297720
765384
80021855
122823
80002333
80083109
02049732
80068809
80083034
80002333
5046615
80004884
80017035
2040921
80029430
765384
80007620
02151588
80003210
765384
80007620
80105627
02403595
00015741
765384
80068809
02310899
02171228
2040875
406988
80002546
765384
80068809
80021855
2040875
02151588
2213192
406988
80003210
765384
02223139
2354950
80031759
2442027
2155869
2366665
716618
02238004
02236958

406988
765384
80021855
02299593
02240743
00532479
80021855
765384
80083109
80083109
2555263
2321696
00532479
80002333
02357682
765384
00594431
02245911
02309858
02237824
2150328
765384
80083109
02049732
2434652
2040905
765384
80014679
80016965
80021855
02231214
80058001
80000011
02049694
80000022
80068809
80057587
80068809
80003210
80006299
80061769
02171228
406988
00532479
765384
00668184
80007930
2493578
02171228
02519127
80043120
2466392
02211939
2524910
559393
2172089
765384
765384
80002333
2040921
765384
80016965
80001336
406988
406988
02248743
80069493
80000083
80005413
00693502
80036328
80124576
406988
765384
80021855
765384
2040921
80057587
406988
80109070
00793167
00046671
02232056
80033279
80000698
2256142
02473232
02491060
02471469
02432889
02246083
80049309
2343541
455377
80068809
80068809

80081040
80009136
80042047
80007620
02175983
00004596
80028197
765384
80002333
80002546
80068809
765384
80001336
406988
80068809

80068809
02245911
02162822

02381176
80083109

02381176
80068809
02237425
00693502
765384
80069493
02439026
80023637
80002333
80001336
00532479
406988
765384
02432331
80007620
80072924
80021855
02248743
00532479
80006299
765384
406988
80021855
765384
765384
80068809
80008713
2321696
80068809
80000217
80000790
80070016
80068809
80003210
80118400
765384
02229620
02343541
80021855
312800
765384
02171228
00532479
2280159
80003210
765384
80017878
00712507
80068809
2040875
80010935
765384
80001336
80002333
00532479
80061769
02475065
80068809
80080885
2521156
2150328
02381176
02413388
80043120
765384
80003210
80002546
406988
80021855
765384
2040875
122823
80003210
02471469
02439026

80002333
80038685
406988
02229620
80057587
80068809
80002333
02049732
80007620
80039031
80039378
80028097
765384
02244257
80051809
80014829
2176955
00179957
2040921
80039646
02439026
80062971
02248743
80021855
80000111
765384
00532479
80009878
765384
80021855
02456575
80000079
80083109
00532479
309702
80021855
80002333
00532479
80083109
765384
80039646
80067519
2382547
2438925
2414589
02049732
00532479
80003210
00643211
2176955
80021855
765384
2489228
2379279
406988
406988
2412950
02317559
287873
02243919
02476908
80021855
2040875
80069493
80047274
80021855
80021855
765384
02437899
80095550
765384
80083109
80100445
80095747
80068809
2426153
02357682
559393
2321696
80008851
80003210
00154032
80021855
765384
80027786
02471469
80068809
80003210
80061769
765384
80057587
80000269
2481677
765384
02432919
02309858
2456532
2321696
80068809
765384
765384
02231214
80003210
406988
765384
02443937
2506696
765384
80021855
02284847
765384
2461528
80047274
80025575
80021855
00793167
80000134
765384
00608882
02136090
02238671
8002617
80021855
02184788
80078274
455377
765384
878901
80068809
02248743
765384
765384
2436256

02172909
00532479
765384
80068809
80003210
80006299
80027127
80068809
80068809
02184788
2172909
80068809
765384
2241634
80068809
80000901
80077451
02172909
80040726
80073403
00869961
765384
80003210
765384
80002333
80001088
406988
00532479
80045848
765384
02223546
406988
80064449
80063429
02468891
02317893
02171228
406988
765384
02242012
02443937
02223546
02049996
765384
80016288
80030561
80007405
80085757
80002671
80084528
80028055
80028659
765384
02184788
455377
80021855
80049986
80083109
02252279
2341174
02309858
80021855
765384
02231214
80009169
2017849
00793167
02289989
80009878
80003524
80034322
80016288
80069493
80039031
406988
00426849
00532479
406988
80001336
00477354
765384
02151588
80003210
80068809
80007620
02248743
406988
80021855
765384
02438275
765384
406988
2281228
2459957
02320916
02451239
02516187
80049309
00154032
80009136
8002617
455377
00154032
02162822
02377934
2150328
80000834
2385619
02238704
02516187
02361299
559393
80002333
2040875
765384
2449935
80068809
455377
80007620
765384
80047274
02151588
406988
765384
00668184
765384
00532479
80064503
2469898
02444844
02267233
2263211
80002333
80021855
80068809
765384
406988
80002333
80006299
80000111
80003210
80001088
765384
80002333
80043658
80068809
765384
406988
2449811
02469898
02444844
02471469
406988
765384
80068809
80002333
765384
122645
80021855
02248743
80068809
80052455
80003870
1933531
80083109
80020103
80068809
765384
765384
455377
80021855
765384
02191180
02368544
765384
406988
00532479
00668184
80068809
455377
80003210
765384
765384
406988
406988
80000111
80060745
02471469
02443937
2341093
2432919
80004610
80002333
309702
80025276
80002333
80028633
80059101
80068809
765384
297666
2172909
80002617
80083109
406988
765384
80068809
2241634
80021855
02330415
2363399
02239815

80041715
80068809
406988
765384
455377
80021855
80068809
2321696
765384
80006299
80000022
00712507
80068809
80004334
80021855
80069493
02239815
80002333
00477354
02439026
02231903
80059437
00030910
80068809
80018311
406988
765384
80002333
80007620
02151588
2245385
80068809
765384
407011
765384
00668184
00532479
406988
765384
80000083
80069493
80021855
00532479
00504874
80006281
02164256
80021855
80068809
02244258
80002617
2040875
80009133
02381176

80068809
80021855
80000111
80002617
80000241
80014978
80037102
2040905
80003210
406988
80068809
80006091
02381176
02519127
2383187
80031154
02238004
80068809
80115786
80028364

80002333
80068809
80032609
80033331
80002333
80002654
80068809
80073687
80002333
80007620
80021855
80001336

02162822
80068809
2048965
80068809
765384
80068809
80002387
80096383
236101
122823
80068809
455377
80047274
795879
80002333
406988
765384
80021855
2385619
80034168
80002333
765384
80001336
2461323
02487381
2297574
02449935
02233146
80004529
02151588
02248743
80068809
2241634
406988
02172909
2213192
00294322
80021855
765384
00532479
80000111
02371022
2457741
80068809
02162822
02326795
02238123
2457741
02388944
02427168
80000111
02246073
2239864
02348888
02351420
80015552
02255316
02413612
02242680
80016965
2018985
2026805
765384
406988
2150328
80032544
02346486
02287072
02296713
2388839
02255316
02377233
2393433
2213583
2407442
2245385
2326450
02339927
2183862
559393
02479877
02504987
00010332
02503271
2414635

2382547
02503271
2247162
2382547
02394839
02403587
02248088
02282445
2321696
00833290
80002333
455377
406988
80021855
765384
2304317
02326795
02381176
00532479
00294322
2481677
2352419
2270609
2150328
02385813
02346486
02422549
02296713
2412950
00037613
02284723
2481677
02162822
02255316
2362406
02346486
2419556
02443937
00504874
765384
80068809
2247339
80083109
406988
02162822
00793167
80001336
2483300
02296713
02346486
00013617
765384
02504987
02376946
00397423
610623
02346486
2422212
02504987
2407485
2362406
02377233
2457741
02255316
2385740
02360594
00851779
00426849
653233
02238671
00294322
2241634
80083109
02162822
02296713
02385813
02326795
02255316
02346486
02017598
02425483
02424126
2457741
2435381
02296713
2451867
2412950
559393
02451239
80044606
80006299
80007620
406988
02296713
2237726
2443937
02279657
2438917
02530708
2328070
02321556
80016965
2412950
02466449
02487381
00793167
80095747
2425483
02162822
02381176
02458144
765384
2266008
02351064
02444844
02171228
00021695
02309858
02432331
02381176
02347474
02427168
80007620
02346486
2436256
80016965
02432331
02435462
00725110
02162822

00740748
2230711
765384
80068809
2523795
406988
80021855
2285169
02439328
02530708
2531402
00532479
406988

2150328
02346486
02351420
02296713
02309858
2418401
00790419
02244896
00294322
771376
00026123
02309858
2362406
02427168
2438917
02249456
02239090
02348888
02530708
02385449
02245389
406988
765384
2237726
00012289
2438917
02279657
02402874
02162822
02366940
2457741
02171228
2483300
2402874
02366940
02017709
02385813
2150328
80083109
765384
80021855
80068809
80008925
02282445
02350750
2326450
2301733
80001290
00693502
80004334
80006299
406988
02427168
02360594
02381176
02402874
02339927
00851736
00894249
406988
02381176
02377934

02309858
2150328
02238671
02236958
2515970
2481677
02504987
2237726
2443937
02475065
2481677
02162822
2438917
2398273
406988
80068809
2040875
80006299
02309858
02284804
02350750
2092832
02172909
765384
2213583
2241497
610623
02471469
2533049
2446561

02287072
02339927
02351072
02360594
02365197
00010332
2412691
02381176
02458144
02385449
2457741
2481863
02348772
00514012


2352419
02421712
2402874
80021855
80006299
406988
2040905

2150328
02245860
80021855
765384
80003210
2521156
765384
2040905
80068809
559393

02245911
2376016
2237726
455377
02231214
80002617
80014125
80083109
80020905
00668184
559393
2040921
00563137
02415852
02238216
02339927
80057364

2419866
02348888
2414805
02479877
02504987
02403595
02255316
02316986
02300893
765384
02282445
2466759
2171899
02245860
2518058
2414570
2352419
02388944
2397714
396788
2521156
02255316
2419556
02360594
02381176
02162822
00026808
80068809
2481677
2534681
02388944
2419556
02381176
02385449
765384
406988

00028606
396788
00332593
02410702
02309858
02503271
2451239
2457741
2287390
765384
80083109
406988
80021855
80068809
02240743
80000111

02388944
2509970
02365197
02326795
02162822
2379279
2362406
02348888
868
02238873
02249456
02245860
02375508
02365197
406988
80015552
765384
2439786
02049732
406988
02346486
02388944
2352419
2256142
02339927
2150328
02255316
2304317
2457741
2352419
02317893
02351072
2301075
02503271
2481863
02445875
765384
2195933
80016965
02381176
02255316
02339927
02479877
02381176
02427168
02377934

02403137
02381176
02425483
2357399
02384299
02326795
00828793
02524856
02395649
80068809
406988
02172909
2534681
02326795
02343460
02365324
02346486
02466449
02385449
02443937
2350092
02381176
02375958
2237726
406988
80068809
02460912
02346486
80021855
765384
00693502
80025276
80006384
00532479
2408570
765384
2040905
765384
455377
02403595
653233
80083109
765384
02348888
2352419
02255316
00010332
2242924
00828793
00579351
00426849
2457741
765384
559393
02479877
02503271
00893749
02045710
02303922
02230711
02296713
00426849
02170671
2341093
00294322
02249766
2425610
2495244
02351420
00451193
02245860
02343096
02299712
00021695
02282445
765384
80021855
2366665
2422212
2223511
80083109
455377
765384
2419556
02238671
02309858
2337746
765384
02339927
02171228
02427168
2304317
522791

00513962

2183862
2099357
2352699
00477133
2414783
02381176
02284804
2213192
02309858
02317893
2172062
02377934
2414570
02381176
02162822
2483300
02045710
02192756
02343460
02381176
02296713
02427168
406988
02381176
02339927
2150328
2407485
02245911
02443937
02381176
02422549
02365197
02162822
02385449
406988
765384
02381176
02365324
00294322
02123274
00477133
02238671
00166219
02296713
00693502
02230334
80002333
02229620
80000022
02245911
2481308
02255316
2457741
02245911
02384299
455377
559393
02484218

2411512
2464985
2402874
2457741
80016965
406988
80006299
2213192
02223600
02238004
02339927
80001336
80003210
02240409
2457741
02530708
02479877
2245246
2213192
406988
765384
80083109
2176955
02248743
2504197
02248010
02297477
02321556
2481677
02360594
2150328
455377
2412942
02388944
02346486
2412950
02238671
02422549
2390698
02365197
02296713
2508923
02381176
2150328
01950592
02309858
00828793
02360594
2477963
00532479
02049732
80009878
80003210
02296713
02427168
2457741
2245058
02239367
122823
2040921
406988
80000083
80039378
765384
02377934
80083109
00280437
02530708
2150328
02321556
02381176
02388944
2534681
02495643
02530708
02503271
02479877
00012289
2213192
406988
02162822
00755842
441775
2406020
2483300
2195933
02238341


00793167
80068809
80083109
80003210
02162822
02230711
02230047
2150328
02284847
2483300
2471469
80021462
80021855
406988
02343010
02171228
2304317
02348772
02346486
00481815
02287072
02347997
2534681
02309858
02240409
2550865
02344025
2243239
02026961
00793167
2241497
00328219
2241634
00397423
02238123
02348888
02402874
02479877
2245385
02221802
2177889
2341093
2243239
02339927
559393
00028185
02377233
02326795
02284723
2271443
02171228
02162822
02351420
02370921
02287072
00294322
2294745
2435462
2241634
2237726
02422549
02287072
2423596
02443937
02245689
02162822
02296713
2471469
02381176
02388944
2381478
02377934
02530708
406988
765384
80021855
00552569
888524
80090051
765384

80083109
2439786
2362406
02284723
2443937
2443937
02162822
02384507
2478293
2237726

02388944
02339927
02249766
2213192
02286513
2285169
02155869
02365197
02316986
2406020
02285592
2241497
2304317
02296713
02381176
2339099
2481308
02255316
80090630
80063083
765384
2040875
02326795
02317893
2237618
02381176
02326795
2404001
02346486
02287072
00028606
02425483
00397423
02504987
02503271
2438917
02365197
80083109
2086026
02255316
2213192
2328070
02381176
2172062
2429861
2271931
655740
01934198
02351072
02248994
765384
02162822
80057364
2534681
765384
80007620
02402874
02284804
2381478
02451239
2338726
02171228
02361159
02402874
2024187
02345161
2481677

02343460
00846503
2419556
02162822
2245689
2018985
2534681
00086878
406988
00426849
02173344
1919458
02238671
02245389
02381176
02427168
765384
00793167

2183862
02381176
02242728
02421712
559393
80001336
2176955
80002546
02384299
02171228
02381176
2451239
02516187
02381176
2481677
2245246
80109697
80001336
80024658
765384
02427168
80068809
02296713
406988
122645
00426849
2229453
312800
80016965
00226327
02219492
716618
02475065
02238004
02230711
02162822
02287072
02339927
2548216
02427168
80002333
765384
80068809
406988
1919458
02488000
2275074
02384299
2506696
02402874
2304317
2237726
02162822
02530708
02388944
02381176
02296713
02287072
765384
2176955
02238671
406988
765384
80083109
00532479
80021855
80016031
559393
02504596
396788
455377
02388944
00028606
02503271
02255316
02238704
02516187
406988
80006299
02231214
2304317
02192756
02287072
2049961
02345366
02370921
02326795
2150328
02385813
2422638
02238004
02162822
2265540
02425483
02299712
765384
122645
406988
00532479
00668184
02049732
00021695
765384
80083109
2381478
02245565
80123928
02421712
80068809
02326795
2150328
02346486
02432331
2266008
02357682
00793167
80016965
765384
765384
02162822
2172062
02479877
2438917
02287072
02171228
2325462
2407485
2457741
396788
2534835
80015552
2150328

02418932
2458640
2516063
726486
00002089
00359718
02248450
425389
2366665
2481308
2457741
02348772
02043394
2294745
80011830
80000576
02232056
1945157
02242763
02527707
02255316
02213001
2237726
2213192
02346486
2412942
02192101
02284804
2318164
26123
2242907
765384
02343053
02377233
00026808
80028197
2243180
02162822
2512475
02360594
2419556
2534681
2150328
2407485
02408872
02381176
2419556
2415305
80068809
406988
765384
2406020
02381176
02245860
00017841
02162822
02255316
02346486
02287072
02518732
02360594
00015016
2460513
02274388
2301733
80083109
406988
2213192
80006299
02162822
587737
00426849
2481677
02376946
02350092
02344025
455377
80021855
02231214
80068809
80024386
80085421
765384

02434318
2406284
2463741
2150328
2438917
80083109
765384
02172909
02245911
2321696
559393
02384299
2213192
02360594
2237726
455377
765384
80108009
2528428
02483874
2150328
2213192
02360594
2381478
02424126
2237726
80083109
2438062
2412977
2239607
02300524
765384
02299712
02043394
02365197
02360594
02243796
2237726
765384
00532479
406988
00026808
02360594
02381176
02339927
2534681
00654493
02344025
02296713
02343053
02351420
2150328
02324776
02365197
02503271
00426849
2509067
2246803
406988
765384
2437570
02427168
2506696
02360594
2407485
02296713
02043394
02381176
02339927
02316986
02402874
2489775
2463741
2534681
2463741
2354950
2519038
02365197
02326795
02385813
00010405
02437686
00504874
80068809
80006410
00793167
00156086
406988
2533049
2406020
02381176
02479877
02381176
00485837
00263869
02296713
02162822
02245389
02326795
00028606
02123274
2150328
02348888
2295121
02246569
00263869
2509067
02171228
2304317
2457741
2130963
2351463
2403897
2457741
2150328
02388790
02381176
02321556
02415917
00596442
2213192
80021855
455377
80000083
02245911
80037933
80003524
02184788
765384
80083109
00217158
02282445
02296713
02365197
00740748
02519127
00731439
790419
2249510
02223600
02339927
2240588
2150328
02385449
02326795
2150328
2415305
2435411
2478927
2432919
02282445
02351072
406988
80006299
80002333
2438917
2481677
2362406
2171228
02535106
2150328
80109697
765384
80083109
02530708
02351420
02309858
00028606
00021431
2183862
2341093
02381176
02299712
2150328
80007620
765384
80003210
02171228
00397423
2262746
2457741
02123274
2241497
02304678
1917056
2150328
2213583
02287072
02162822
765384
02503271
396788
00208973
02267470
00888400
2338726
2245689
80090051
765384
80007620
80047697
80002546
2251515
2379260
02254719
00793167
2453800



451207
02377934
02326795
2498685
2286610
02351420
02530708
02427168
00026123
00793167
2304317
2438917
80027224
80083109
80068809
80006299
406988
2533049
02162822
2483300

01907107
00893749
02339927
00312738
559393
00294322
02346486
02357682
2481677
02326795
02427168
02229620
2197405
02455102
2477963
2255529
02192756
2213192

02284723
2272873
02388944
02503271
02381176
2362406
80000111
80001088
80046057
00046671
80038682
80047960
80040585
2362406


02284723
02255316
2150328
02385449
02238671
2438917
02424126
2412942
02381176
02388944
02284847
2213192
2237726
2239606


00294322
02346486
02296713
02504987
80000111
2304317
02346486
02377934
406988
2150328
80083109
765384
02236958
2400391
02238671
02339927
396788
2535998
653233

02246569
02339927
2247937
2150328
765384
406988
02171228
02171228
80044606
765384
80021855
455377
2382547
2457741
2406020
2483300
02471469
02427168
80083109
765384
2481677
02381176
02243796
02503271
02296713
02381176
02344025
02351420
2303027
2534681
765384
80035523
80021855
02309858
02245389
00353914
2425483
2357399
02416786
02427826
02381176
2297477
2150328


02249766
02348888
02351420
02309858
02530708
2379279
37435
2287390
2265540
00024694
2297302
02351420
02287072
02296713
2412950
2393433
2326957
2295121
2246820
2338726
02316986
02339927
406988
2453053
2245058
02365197
02326795
02360594
2248763
02346486
02296713
2328070
02351420
02296713
02346486
02377934
2422638
02238671
02368544
02427168
765384
80000111
00532479
80068809
80021855
80002546
455377
02294583
2150328
80002333
406988
765384
80002546
80068809
02248743
80021855
80009133
80002546
00532479
80083109
765384
2343541
02223546
653276
02385317
02503271
2352419
765384
80068809
02453754
02235352
2150328
02255316
765384
80000111
02244148
02346486
02530708
2185938
00017841
2321696
80068809
00668184
00793167
02454351
2518821
02351420
2534681
00004456
2315947
2285169
2409291
559393

02459388
02316986
02425483
80000269
2474522
80021855
406988
80068809
765384
2298589
2245385
2241497
02384299
02309858
02381176
80071439
2245385
765384
2362406
02348888
02381176
02360594
765384
80021855
02171228
02326795
02504987
02296713
2516063
02351420
00153915
2439786
2231462
765384
02491788
02530708
02346486
02365197
2521156
2422212
00294322
716618
2362406
02375508
02238873
02503271
406988
765384
02248743
00514535
2467860
2484641
02503271
2435381
02381176
2330474
02402874
2476991
02427168
02346486
2439786
2150328
1937723
02252279
02326795
2195933
2457741
02255316
02229704
02467860
02348888
02346486
02296713
2237726
2150328
02346486
2407442
559393
00532479
2237726
2246010
2247521
02381176
02326795
396788
2150328
02255316
2481308
02326795
2457741
02351420
02377934
80083109
765384
406988
02172909
02192101
02192101
2422638
2443236
02381176
02284804
00851736

765384
02248743
559393
2287390
514012
80053300

02471469
02238123
00397423
2457741
02530708
02443937
00294322
02351420
2339099
02351420
02475065
888524

02238873
00451193
2362406
2439344
2213192
02479877
02360594
2480808
02236969
2474255
2162784
2237244
02287072
02385449
2362406
765384
406988
80002333
02421712
02326795
02346486
00441775
00294322
02408872
2435381
02381176
02503271
02379317

80021855
80006091
80002333
02049694
455377
80021855
765384
02231214
2481863
02223600
2321696
2176955
00532479
80069493
765384
80021855
455377
02326795
2509970
80002333
765384
02171228
02346486

888524
2381478
2213192
559393
02427168
2457741
455377
80083109
765384
00224774
2313553
396788
2364115
00532479
2481308
2412950
02381176
02446057
2245385
2458691
2385287
02503271
02370921
2481677
02287072
02045710
2467860
2328070
02503271
02443937
02496941
2517841
02351420
2494051
02162822
2265540
02377233
02326795
02294583
02252279
2439786

02162822
02238671
2287390
2457741
2408112
02339927
02284804
02284804
02326795
80000083
80007620
406988
297666
02384507
02360594
02530708
02296713
2534681
02377934
2422212
02381176
765384
455377

2481863
02388944
02326795
02365324
02248752
02394839
02298589
1919458
2422638
2172062
2245246
2458640
2354829
2398788
765384
80016845
02238671
02284804
2457741
2213192
2443937
2132591
80002333
765384
2243588
02346486
02316986
2481677
02171228
2521156
02351420
765384
406988
2438917
02388944
00828793
02326795
2352419
2441888
02229528
2407442
02284723
02385813
2481308
02361469
2338726
2314177
80068809
2295121
80083109
00690686
00206032
2481863
2406020
2230711
2481308
2150328
406988
02320673
02235352
2481677
02245247
2213192
2278732
755826
2248103
02171228
02299712
2481677
00532479
80037019
80021855
765384

80002333
2341093
02255316
02385449
02252279
2213192
2241497
2213583
02245860

2150328
2267233
02321556
2495503
02365197
2341689
00828793
2471469
02495244
00010332
2457741
02255316
02296713
02351420
02309858
2243588
02243796
02381176
02360594
02248743
80000111
80006299
00532479
80083109
406988
00026808
02388944
02351420
02503271
2438917
02496941
00487805
2381478
02427168
765384

765384
406988
00725110
02388944
00294322
02385449
2438917
02309122
02282445
02377233

2481677
02255316
2534681
02432331
765384
455377
80021855
00532479
2150328
2385783
2457741
2313553
02162822
02519348
2265540
2422638
02238671
02346486
02255316
326844
406988
02395584
02365197
2481677
02162822
326844
02155869
02346486
80083109
297666
80030004
765384

2489775
2213192
2328070
2521156
2487713
80024482
02530708
2285169
02255316
02162822
02244896
2451867
2362406
02385449
02385813
2328070
2438917
02424401
765384
2297477
2310899
2328461
02162822
02471469
2245689
2443937
02045710
02381176
2304317
2352419
00782742
2451239
559393
02360594
02248450
02240743
406988
00294322
02503271
00893749
00828793
765384
2086026
80002333
80002227
02421712
02162822
02530708
00294322
02458039
765384
02343460
2237726
02233047
2230711
02162822
02282445
80083109
765384
80002333
80068809
00021695
839175
02402874
2362406

02402874
02294583
02360594
00312738
00002089
80000111
00559407
80003751
2183862
02381176
02365197
80009878

2243119
00668184
02162822
2483300
02248450
02255316
02346486
765384
406988
765384
02162822
02415968
2328070
02381176
02366940
02326795
00755842
00894249
80000111
2327856
02381176
2150328
00294322
2419556
2266008
80015552
02171228
02294583
02245860
02364999
02326795
2262746
02043394
765384
406988
80039378
2040875
2521768
02326795
02381176
2363399
2182823
02248450
02296713
02284723
02365197
02365324
80068809
80007620
00532479
2247182
2349167
2150328
2442493

80015552
2385341
2308363
2385929
2385929
2385929
00793167
2385821
00021679
02254786
02380021
2236969
00725110
00710113
2339099
2150328
80003210
02245911
2150646
406988

406988
80068809
02239941
2240769
02504987
2369680
02347474
02381176
02446928
02402874
80068809
02248743


2018985
80011840
80016965
80039378
02244353
02024225
02394839
2510626
02334763
2457741
2468891
02255316
02326795
2285169
02343010

80002546
765384
02394839
2534681
02503271
00294322
02245911
02365197
2363399
2534681
02385449
02424401
02326795
02402874
765384
80002546
80083109
765384
02475065
2428148
02366940
02238123
2272873
02503271
2213192
80045581
406988
2322498
80062839
02487381
2531364
00397423
2457741
02344025
02300893
02162822
2534681
02351420
2241634
765384
406988
02443937
02339927
02503271
765384
02252279
02381176
02243796
2354829
2460920
2330474
02171228
2427826
02354608
2459817
2480808
2457741
2150328
2407485
2352419
2406020
2483300
2370921
396788
2412950
2518821
2521156

425362
559393
00790419
02339927
2150328
02402874
02381176
02282445
02236958
02326795
02395649
02360594
406988
02416417
02360594
2265540
02043394
02381176
02284804
02348772
2244304
02421712
2362406
80002333
765384
02439026
80068809
80021855
2150328
406988
2150328
396788
80016965
02255316
02377934
559393
80003210
406988
02245389
02255316
326844
02346486
80000134
00833290
80017620
00725110
02240474
02385449

2150328
2276038
782696
2172909
2457776
02388944
02296713
2457741
2407485
2321475
2406020
02346486
2275074
2237726
2271931
02084090
00755842

2362406
00294322
2518821
02296713
02346486
02530708
02230711
2247521
2150328
2481677
1907107
02530708
00217158
02351420
2518821
406988
765384
224391
00532479
02427168
00026123
02460912
02484218
02435411
765384
80007620
2425610
2390698
02479877
80068809
406988
80000022
2155869
2422638
765384
02284847
02346486
02309858
02248130
2213192
2341093
2438917
2150328
02162822
2425610
02255316
02346486
02467860
80068809
2241634
2150328
765384
406988
559393
80000111
80021855
02238671
00022772
02344025
00353914
02245860
02045710
02344025
02231457
2248103
00828793
02162822
02045710
02381176
02503271
02357682
2150328
2441888
02346486
02049996
00790419
2419106
2244291
2156091
406988
765384
80060745
80083109
02339927
02366940
00294322
02321556
2422638
02385813
02346486
02351420
02427168
02239815
765384
02162822
02321556
02346486
2213192

80021855
455377
02284723
2150328

02530708
2328070
2301075
00397423
00026808
02360594
406988
2287390
02503271
02503271
00360279
2369176
02435462
02245911
406988

2457741
02377934
00360279
2352419
02376946
2500582
2241497
2245385
2481308
2150328
559393
2464985
2427966
2040921
80016965
2534681
2366665
2419866
00028606
02321556
02381176
441619
02351420
02300524
02255316
2150328
02245911
765384
2480808
2328070
2481308
406988
765384
2087324
02414759
02309858
02380021
02284847

02171228
02244353
02245689
02045710
00851779
02296713
765384
2150328
2489775
2406284
02339927
2362406
02421712
00294322
2481677
2419556
02339927
00740748
02238123
2419556
2298589
02388944
2438917
02388944
2412950
02381176
02403595
2341093
2537907
1933531
2040921
2321696
2248347
1945270
765384
80068809
02248743
80000111
559393

80083109
00224774
80068809
2412950
2438917
00012289
02205971
02403595
2304317
2304317
888524
02339927
02343460
24376
02238671
425362
2240835
2435381
2241497
02415992
2150328
80044606
2446561
02524856
02443937
406988
02427168
2328461
02396327
406988
2245385
02385449
00516805
02458144
2512475
02255316
02287072
02346486
80035293
765384
80028197
02229620
00668184
80001336
80002333
2112779
80061769
2328070
2457741
2481308
2150328
2402874
02245911
2428148

406988
80003210
2362406
2481677
02360594
00725110
80021855
406988
765384
2483300
02371022
02238123
02230711
02375508
02422549
02316986
2150328
02296713
559393
02243925
00017841
02344025
02351420
2419556
02309858
02237154
02346486
2265540
02162822
02530708
02296713
02343622
02377934
02381176
02348888
02414759
80021855
765384
80060745
00012289
2522861
2009889

00294322
02381176
2506696
02427168
02255316
02296713
2457741
02348888
02365197
2438917
02503271
2406020
02294583

2341093
326844
2150328
02479877
00028606
2412950
00397423
2534681
2534681
02351420
2457741
2150328
02258595
765384
406988
2265540
406988
2237726
598194
02170671
00426849
878901
2534681
02377934
2247173
2438917
02045710
559393
02427168
02346486
02466449
406988
771376
00017841
02351420
2534681
80068809
80002333
02385449
765384
02449811
2438917
2316986
02245389
02245911
02443937
2481308
653233
2475820
80000834
2414570
2172062
1919458
765384
406988
02155869
2301482
2439786
2406020
2457741
80003210
02245911
02427168
02316986
02422549
02381176
02388944
2412950
02316986
02422549
2481677
02346486
02339927
02435462
02471469
02239815
80068809
02503271
02381176
02377934
02355655
2213192
2381478
2328070
2487713
02282445
02360594
02381176
2534681
02351072
02163772
716731
02496380
02418401
02449811
2241604
80068809
765384
406988
2326957
02248743
80083109
80068809
02365197
406988
2172062
2322498
280437
2241818
2241804
655740
2481863
80009136
765384
80021855
02284804
02381176
2328070
02381176
2425610
02326795

297666
765384
2040921
80043977
80092165
80014401

2371979
02326957
2356279
2223546
2451867
2177889
02192756
02344025

2339099
2534681
02381176
02252279
02192756
02351072
02326795
02347474
2494639
02443937
2245385
406988
02377233
02343622
02381176
406988
765384
02348772
2534681
2401118
2248103
2400391
765384
80083109
406988
02384299
00023949
02351420
2244304
02394839
765384
406988
00532479
02346486
2243960
80083109
00668184
02377934
2438917
2245058
02395649
839175
2422212
2457741
02388944
02255316
02347474
02236958
02458144
02235352
02445875
02350750
765384
80002546
02479605
765384
80061769
80068809
80002333
00012289
02223600
00725110
2381478
00594431
02530708
80016965
02151588
765384
2471469
02346486
00397423
02238123
765384
406988
80021855
02451530
00012289
2400391
02365197
02351404
2245058
02351420
00016039
765384
406988

2304317
02136090
02365197
02282445
2213192
02043394
2534681
2481677
406988
02255316
2150328
765384
02223139
2027887
02381176
2406020
00023949
02432919
02388790
765384
2337487
2518821
1963104
02238671
2537907
2383187
2522861
2404508
02339927
80010485
80002333
765384
80004529
02439026
02483874
02240743
80083109
80021855
80068809
02246055
2040921
765384
80094090
406988
2460513
2245669
02282445
02309858
02466449
02049996
02424401
2451239
2017849
02223546
765384
80021855
2040905
80054325
2392224

406988
00532479
02503271
02255316
02299712
80068809
2040875
765384
2481677
02346486
2419556
2150328
80021855
765384
2040875
406988
02245911
80002333
80021855
80002546
80007620
80002333
02162822
02171228
02296713
2407485
02346486
2150328
2304317
02282445
02317893
02348772
765384
02245860
00755842
80021855
2422638
2438917
2489775
2294745
02360594
02244993
765384
80083109
80021855

2241497
2271931
2412691
406988
765384
2438917
2463865
2237726
2534681
02432331
2477963
02365308
00740748
2313553
00514535
765384
00012289
02503271
2457741
2150328
80061769
02245911
455377
80068809
2379279
02321556
02377233
02171228
2341093
02300524
765384
00532479
80009413
2408872
2403587
2422212
80044606
2321696
2321696
765384
02171228
2223511
02299712
80068809
02049732
80021855
765384
80083109
80060745
80000111
00851736
2328070
2438917
2534681
2534835
2301075
00426849
2509067
2375958
02443937
02471469
554987
297666
122823
80026945
2352419
02331624
02244896

02413388
02284847
02346486
2150328
02238671
02394839
2406020
2223600
2337487
02524856
02282445
2438917
02171228
2438917
2481863
02381176
02309858
2381478
80077246
80006299
00668184
80021855
02467860
02162822
559393
02162822
02255316
2412942
2379279
2438917
2374757
80006299
02365197
02296713
02235352
02384507
402788
1953591
2400235
2534835
02475065
2403587
02309858
2449838
02377934
02347997
80083109
765384
406988
02045710
02287072
2341093
2422638
02282445
2478862
02239941
2522861
02238671
2485419
02343541
2133180

2172062
765384
406988
02172909
00259527
2484064
02451239
765384
2341093
00026808
406988
765384
80083109
765384
2150328
00026158
406988
01945254
2266008
2247521
2150328
02164256
2493268
02455676
02326795
2464012
02395649

2519348
02235352
765384
2040875
2534681
2534681
02309858
02282445
765384
455377
02289989
2506696
2465035
02229704
02467860
02381176
02123274
00012289
80083109
765384
80021855
406988
2534835
2439786
2245246
2531577

2233055
02245911
2213192

02381176
02284847
02299712
2245208
02388944
02381176
00725110
02351420
80083109
765384
2150328
02368544
02381176
02284847
00037613
406988
765384
02339927
2294745
02388944
2330474
02470675
00613215
02171228
02239766
02427168
02046121
02284847
00618632
02385449
2509067
02377934
02282445
00426849
02287072
02422549
02381176
02504987
02299712
02443937
653233
00608165
2150328
2412950
2457741
2261979
2534681
2480808
2398788
2040921
80297720
80021855
559393
80001336
80001806
80069801
80003210
765384
455377
02230334
2384132
02255316
2230711
2327856
02348888
765384
80061769
80006299
2262746

02324326
765384
406988
02321556
02162822
00217158
00532479
2534681
02351420
02316986
02365197
02339927
00012289
00893749
02422549
00294322
02384299
02303671
02424126
02424126
771376
02339927
93637
80000022
80003210
80021855
406988
80068809
80006299
80031154
00828793
2457741
2414570
02366940
00012289
00037613
2245669
2243796
02009013
02365197
312800
2303027
02346486
02229704
02229704
02162822
02471469
02443937
2304317
2363399
02237830
02303485
02237923
80021855
02171228
02346486
00224774
2534681
00894249
02483874
2237726
2537907
765384
2506696
02346486
02384299
2237726
2265540
02388944
02422549
02296713
02456532
2328461
02162822
02171228
2304317
2481677
02339927
02296713
2457741
2425610
2347342
2451239
2237726
2244353
2467860
2177889
2534835
2338726
02351420
559393
80068809
765384
80068809
02284804
2239941
02241145
80075663
765384
80021855
00477133
80046175
2523795
02451239
02171228
2221802
02475065
00028185
2457393
443794
2194066
02427168
00015741
02381176
02377934
2412950
02381176
00006149
2419556
559393
765384
02388944
2213192
2457741
2213192
02339927
2230711
02171228
2213583
00509558
00790419
01913328
02458551
2321696
02530708
00828793
02346486
406988
02346486
2408872
2245058
02533200
2457741
2237598
02530708
02238671
01950592
02279657
02264846
02351420
02324326
80083109
02453207
02487454
02381176
02516187
2213192
02360594
02503271
02394839
02381176
02427168
2456230
02346486
00021431
765384
406988
2172909
2040875
02258595
02309858
02431637
2213583
2241497
02309858
2162784
2412950
02241332
80021855
80007620
80043454
80069493
80021693
406988
765384
02248743
02305429
02365197
00012289
02503271
02170671
02324776
80003751
8002617
2265540
2434652
02461692
2506696
2321696
2321696

2172909
80083109
2432772
263818
02171228
02365324
2150328
765384
80002333
80002546
00833290
2438917
02255316
00353914
00397423
02171228
02286513
2534835
771376
02381176
765384
2316986
782696
2403587
02343541
02231214
2176955
00532479
80000286
455377
80068809
80003210
608165
2294745
80068809
00532479
02172909
02245860
406988
80004529
765384
80004044
2481863
406988
2419556
02324326
00710113
2440644
02377934
2213192
765384
00559407
326844
2481308
02284847
02348772
2172062
02244896
02284804
2156091
00516805
02231214
765384
02172909
2481677
2457741
2533049
80068809
02375508
02298589
02162822
2481677
02346486
02427168
02339927
02231214
80021855
765384
02316986
02443937
02418401
80021855
406988
80068809
02388944
00294322
02360594
80004529
765384
406988
80002333
80068809
80021855
80106136
2401053
2275864
2362406
765384
2403587
846465
406988
2456230
2213192
2475820
2230020
406988
80049309
02164256
80009761
80021855
80083109
765384
00028185
2366665
02243919
02326795
02402874
02403595
765384
02171228
2412977
02346486
02503271
02426811
02346486
02496941
2412942
02422549
02255316
02446928
02427168
02443937
02496941
02368544
02351420
02381176
02524856
02321556
02427168
02238671
02348772
2447576
02136090
02485311
02413388
02440342
02248088
2322498
02339927
02443937
02366940
02346486
02381176
00263869
02162822
02467860
02471469
02282445
2150328
80068809
02381176
2481677
02365324
2245385
02427168
80021855
02350750
02243796
02348772
80068809
02244896
02238873
00514012
2508362
2508362
02385449
610623
02377934
00360279
02530708
2426153
765384
02231214
406988
00426849
80002333
80061769
02343541
2245669

02488000
2304317
02258595
02170671
00147656
02360594
02309858
00426849
02284847
02316986
02282445
02351072
02519127
00790419
02252279
2321696
80068809
80083109
765384
2438917
2408112
02503271
02245911
2245058
02296713
2457741
02171228
02455609
80083109
559393
1945157
02231214
765384
80068809
2321696
02357682
2409291
02503271
02346486
00740748
2437570
02521172
02182815
00894249
00001783
2159775
80021855
765384
2040875
80002333
2281287
02427168
2500582
02427168
02255316
2341093
2147602
2457741

00039365
02453355
80002333
765384
80068809
02162822
02296713
02287072
02443937
02443937
2295261
2229492
2438917
765384
326844
2240431
00532479
80043658
406988
765384
80007620
02255316
02360594
02381176
2241634
80083109
765384
02360594
02282445
2341093
02377934
2150328
02296713
02346486
02360594
02377934
02385449
2457741
2150328
2271443
80068809
80000011
765384
02479877

80002333
80006299
02245911
02365324
02346486
02255316
02388944
02360594
02503271
765384
80021855
00532479
455377
02236297
02427168
00668184
02049694
02231214
00426849
02049732
2451239
2232148
02235352
02377934
02296713
00725110
02366940
02346486
80021855
765384
02427168
80076790
406988
765384
02381176
02360594
02171228
80000269
122823
455377
02484641
2271931
598194
2341093
2457741
2457741
2247945
02365197
406988
80021855
765384
02360594
02381176
2351218
00002089
2024187
00516805
2040875
765384
80043454
80024484
02245911
2237726
765384
00397423
02230047
02155907
02247732
00710113
02343622
2040921
80006061
02296713
2213192
406988
765384
2040921
02347474
2027887
02049732
02171228
02162822
02381176
2271931
2328070
2245058
02162822
02296713
02365197
02326795
00294322
02346486
2150328

02365197
02483874
02282445
02360594
2481677
00002089
02427168
80068809
2150328
2381478
02380021
02238671
02162822
02402874
2481677
02381176
2304317
2477963
80068809
80001088
888524
2516063
425362
2304317
2475820
2195933
2256142
2271443
2406020
80015552
2438917
02170671
00263869
02519348
00426849
02376946
2362406
02348888
2438917
2265540
02331624
02045710
02443937
02524856
2304317
02402874
00793167
00532479
80069493
02184788
02236297
765384
80060745
00668184
02172909
80000011
80066538
80004129
2481308
02171228
00031097
02458640
406988
02162822
02282445
00294322
02381176
02360594
02326795
02255316
02339927
2352419
02530708
02385449
888524
02312433
2414570
2419114
2457741
80052777
406988
02480948
02434318

2326450
2285606
2321696
02381176
2529491
02255316
00514535
02471469
02244353
2024225
02162822
02443937
326844
02326795
02255316
02346486
02309858
02162822
02479877
02377934
2508923
80068809
00263869
02366940
02381176
02170671
00426849
2506696
2534681
2457741
02282445
2213192
02162822
02443937
2237726
02346486
02348888
02245565
02326795
2351463
02170671
02381176
02366940
2426153
2237726
878901
02221829
2230711
02162822
02443937
80002333
80000011
80068809
80042732
80069493
02229620
02241202
80025868
2245058
00793167
02384507
02360594
02326795
2213192
02248450
80000111
406988
80021855
80034069
02151588
80070693
00668184
765384
00793167
02282445
80068809
765384
406988
80021855
2467860
02244353
02365197
02346486
02385449
2150328
653233
2441888


2428148
2438917
2463741
02245911
2543184
02346486
2362406
02351420
02321556
02309858
2303027
2518821
2351463
02381176
02325233

02162822
02347997
2341093
02377934
2248570
02381176
02427168
02427168
02346486
02503271
02475065
80002333
80068809
80002546
02427168
02381176
02427168
02514982
02245911
00028606
2419556
02171228
02339927
02465426
02367009
02255316
02296713
02346486
2262746
02381176
02348772
765384
02504049
02381176
02162822
406988
80083109
2150328
02425483
02339587
2481677
02471469
765384
2534681
02123274
1924516
2362406
80068809
02191180
02421712
326844
02294583
02445875
765384
80001088
80068809
02248743
02375508
02238873
80016965
2481677
2352419
80068809
765384
765384
80005324
80055773
80003210
80021855
00790419
00363812
80000111
02519127
2273950
02049694
2351463
2315955
02248743
2245662
2320126

02331624
2406020
2483300
2265540
02171228
02443937
2172062
02309858
2414570
02351072
406988
2451239
02245911
80003210
2040875
80068809
765384
2176955
406988
2242303
2242303
80062800
2406020
2481677
02343541
02171228
02344025
02381176
00815136
2243919
765384
406988
2245860
2537907
02421712
02381176
2352419
02326795
02365197
2245126
765384
765384
80002333
00668184
406988
02351072
02284804
02284804
02351072
2477963
02451239
765384
406988
80025178
80039378
80032325
2514877
02230711
02282445
406988
765384
80000111
02171228
02326795
2213192
765384
2248570
02381176
406988
2031094
02171228
765384
80033279
406988
02049694
02049732
02083523
02443937
02524856
02162822
2481677
00280437
2086026
02365324
02346486
02365197
02471469
00559407
02467860
02294583
80000111
406988
765384
2237726
2419556
2463849
02381176
02435462
2083523
2471469
2239698
02445875
2438917
02479877
02503271
2362406
02284847
02443937
2322498
02031094
2413388
2438917
2243880
765384
406988

02049732
2297302
2460408
02162822
02287072
02284723
2534681
2304317
02479877
455377
765384
02388944
02530708
02443937
02427826
00397423
02381176
2244550
2422638
02325160
2243239
02493926
80083109
00793167
116645
765384
455377
02231214
02162822
02471469
02351420

02443937
2024225
2244353
02443937
02045710
2328070
02381176

2172062
2352419
2457741
02245058
02275090
2325462
02381176
02326795
2476428
2322498
2237726
02346486
80006299
559393
406988
02460424
02467879
02456230
02346486
00012289
00012289
02171880
00397423
00010332
02220172
2314177
02252279
2238998
02471469
02468891
02296713
00004456
80021855
80083109
765384
02479877

80046175
765384
765384
2244291
2248307
2339099
00012289
2262746
02231214
2040905
80001336
80002333
765384
00005606
2239698
02282445
2481677
2457741
2213192
765384
406988
02229620
2172909
80057587
2341093
425362
765384
02296713
2150328
02381176
2245860
2245385
02379317
02309858
02284847
02388944
02285592
00294322
02309858
2537753
02446928
2543184
00028606
02427168
02248088
02237830
02381176
2363399
00010332
2304317
2419556
02238123
2237726
02254719
02284847
02162822
2508656
2310899
2328461
2237726
765384
559393
02475065
2243588
02343460
02346486
02299712
00026808
00851779
02361299
02238465
02360594
00463256
02238671
00021695
765384
80083109
2239766
02339927
02241144
00532479
00793167
02049732
00712507
02236297
80109885
80119602
00217158
02172909
80109697
80009133
02229851
2241634

2412950
2481863
753661
2487713
2438917
2239941
2500019
2318164
559393
2443805
2409712
2261081
2245386
425362
80068809
80000111
80002333
406988
2301733
2321696
02385317
02171228
00028185
2406020
02443937
02377934
02381176
2150328
02471469
02162822
02287072
02529033
02443937
2481677
02326795
02296713
02346486
00514535
00017841
02049694
80000083
2040875
00793167
80006299
80083109
2243239
80068809
02471574
02343541
80021855
80045203
765384
406988
2481863
80083109
406988
2528568
02300524
02245389
00426849
02238671
02351668
2155869
00263869
2352419
02270528
765384
2372525
02438062
425362
02238465
01976133
02247238
02244148
02162822
02443937
02346486
2481677
02346486
2316986
2419556
2481677
2362406
2150328
765384
80068809
80021855
80060745
80021855
00668184
765384
80083109
80068809
02171228
2339099
765384
02260565
2408449
2419556
2408872
80068809
00532479
02162822
02346486
2481677
02238682
02357682
2352419
02371146
02162822
02365197
02326795
02346486
80058246
80028646
406988
02172909
80061769
80015630
80079874
326844
00725110
02294583
02346486
2237726
2341093
02346486
00294322
2150328
80068809
02424126
2362406
02421712
406988
765384
407011
00668184
00532479
02377934
02344858
02344858
2438917
2400391
00010308
2242924
02379929
02351072
02123274
02326795
2150328
00028606
2322498
02321556
02377233
02381176
782696
2017849
2172062
80083109
80063083
765384
02381176
2481677
02287072
02427168

02377098
02516187
02162822
02343010
02301016
02192756
02317893
765384
02162822
02381176
02255316
2287390
2321696
80007620
80002333
80043658
00012289
02339927
765384
02304007
00894249
2401053
2314177
00535494
80083109
80000111
2027887
2443937
2303027
2271443
2457741
02162822
02326795
02504987
02244353
2024292
653276
765384
1933531
02243919
02192756
02171228
02339927
716618
80007620
00532479
02381176
2237726
80068809
2443937
02233014
2495244
2446928
2471469
2493578
02238704
02171228
02381176
02421712
765384
80003210
02172909
406988
765384
02350750
00532479
02309858
2534835
02287072
02443937
02381176
2481677
02239941
02303922
02162822
455377
00206032
02357380
02381176
2464012

02381176
765384
02495155
2197405
406988
2264846
02162822
02381176
2414759
02421712
455377
765384
2481677
2458640
02339927
2330474
02487381
02378523
02368862
02396327
2393557
02384299
02475065
02170671
2328070
02326795
00426849
2301733
2262746
02284804
02282445
02171228
2422212
80021855
765384
455377
80068809
80083109
80000083
2460408
2444844
02284804
02309858
02355655
02326795
02360594
765384
02434261
02162822
02385813
02385449
2172062
406988
00404160
00712507
80018311
80006299
00532479
80002333
80068809
80069493
2457741
2362406
02404206
406988
80006299
02240743
80021855
00477354
80014829
02287072
2150328
02429896
02191180
2241497
2207664
2471086
2313553
2438917
2213192
02388944
2339099
02285592
00790419

02381176
2247386
02162822
02321556
02443937
01913670
2422638
00039365
02284847
406988
765384
02248555
80061769
02346486
2150328
02296713
2481677
02284804
2223511
02339927
765384
406988
02162822
02346486
02287072
80021855
80068809
80068809
2534681
80021855
765384
00532479
80002333
455377
80068809
765384
2040921
2241634
80033259
80008844
02395649

80039378
00532479
80068809
80083109
80009878
80097055
80037102
02326795
02375508
02496941
765384
455377
80002333
80083109
02171228
406988
765384
02503271
2150328
765384
00846392
02360594
02365197
02343010
02343010
02339927
00023442
2287390
2287390
02282445
02245860
02284847
2373009
80001336
2040875
80007620
2172062
02458144
02197405
02339927
2495503
02379317
2245385
2241497
2534681
2234126
02255316
80002333
406988
765384
02381176
80002333
80059125
80129174
00668184
00693502
80025276
80068809
2244304
02309122
2241927

406988
2481677
02344025
2150328
02230711
02255316
02326795
02309858
2534681
02256134
2464012
765384
2287390
02282445
80001088
02248743
80000111
406988
80021855
2040921
2242303
00294322
02381176
02451239
2434652
2248307
02247732
2427966
2483300
02162822
2287390
02381176
02365197
02339927
2258595
2481677
02381176
655740
02229741
02255316
00463256
02230711
02238123

2172909
02255316
02284847
2481863
02413388
2422638
80068809
2339099
80068809
765384
80083109
236101
80029336
80048514
02231361
80009878
80046635
80021855
2242303
80068809
2537907
80083109
765384
02483874
02503271
00012289
02237824
2403250
02443937
2481677
02381176
02375508
80043181
765384
80001088
80021855
02478579
02443937
02467860
02255316
02351420
02346486
02385813
00294322
02284847
2213192
02245492
80083109
80072924
765384
02231214
80068809
02381176
80031154
765384
455377
80021855
80068809
02043394
80046175
455377
80047639
02230334
2414201
765384
80083109
02172909
00532479
80002333
02229620
80068809
80010935
80009878
888524
2328070
02282445
765384
02326795
406988
765384
2245385
2241497
2229099
80119128
80023610
80041271
406988
80006299
80021855
80126925
2477963
02427168
02381176
02255316
2304317
2481308
02162822
02339927
02377934
2457741
02427168
2500582
02351072
2248296

02471469
02346486
02296713
02339927
02377934
2150328
80068809
80083109
765384
02421712
2341093
02471469
00028606
02530708
02045710
2304317
02243796
02523035
2403587
02247027
02284723
02365197
00012289
2240835
02375508
02249456
890960
406988

80061769
2339099
2286610

2339099
765384
406988
02296713
02162822
00294322
02284847

2463865
00263869
02432331
02235352
2374757
2534681
02365197
765384
80083109
00532479
00668184
02471469
02376946
2403587
2240910
406988
00001783
2314177
1917056
2248103
80009761
2241634
765384
406988
80063083
2481677
2150328
02351072
2522861
00790419

02381176
00294322
02365197
02414759
02394839
02017709
2213192
01913328
765384
2481677

2412942
02503271
695688
2509571
02245860
2241497
80083109
765384
2516063
02346486
02377934
80000111
80002546
02164256
2150328
765384
80002333
80068809
2171228
2422212
2303671
2523795
2248307
02413477
02453649
02444186
80068809
765384
80021855
406988
80003210
2284987
2457741
2273950
2150328
2534681
02339927
80068809
765384
406988
02162822
02376946
02344858
02346486
2223511
2534681

02233047
02255316
02381176
02255316
02503271
02252279
02244016
765384
02238123
80021855
80001336
02348888
2517795
2304317
02409399
02284847
02348772
2489775
02299712
02172909
80002546
80078274
00532479
80046969
765384
2265540
02309122
2237726
02394839
2248503
765384
02172909
00532479
455377
80003210
02326795
02162822
02287072
2506696
2213192
2241804
2213192
765384
441775
02162822
867373
2412950
02394839
02346486
888524
02388944
02385449
2481677
406988
122823
00532479
80060745
00217158
765384
80021855
455377
02172909
00016039
2195933
02162822
2370921
2435462
2213192
2481677
02388944
02162822
02427168
406988
02162822
2172062
2457741
2354829

2481308
02235352
02351420
2210428
02346486
2506696
02344025
02162822
02443937
02496941
80082180
00426849
00010332
406988
80006299
2439786
2457741
2371022
80021855
765384
80068809
2341093
2383187
2150328

02248743
80021855
80068809
80114426
02159589
765384
02182920
80004529
02231214
80002546
02172909
02151588
00793167
02439026
00477133
02162822
02162822
2304317
2364115
02504987
2303027
2402874
2521156
02343460
01959352
2534681
02243796
406988
2481677
02443937
02381176
02162822
02287072
2240910
02443937
02445875
02360594
559393
01959352
2406020
2512475
2457741
02321556
2412950
655740
00655740
02162822
02284847
80009761
455377
765384
02287072
02381176
2409291
2287390
02243796
2223511
00392561
00392561
2422638
02303485
02381176
02282445
02315262
2522861
02365197
2304317
00010332
80021855
406988
80006299
02479877
80061769
01927906
765384
406988
80003210
00668184
2017849
765384
80021855
80003210
80068809
02284847
02244016
30600
765384
80068809
765384
80021855
02171228
2488361
02346486
80068809
455377
80007620
80000111
02503271
02255316
80068809
00532479
765384
80021855
2321696
02479877
02427168
2403587

2241927
80021855
765384
406988
00532479
00668184
2408872
765384
80007620
559393
80021855
765384
02237425
2301733

02381176
02422549
02339927
02162822
2500019
00648019
2439786
02381176
02530708
559393
02427168
02316986
2481308
02441888
02155907
80021855
8002617
02487381
02310899
765384
80068809
02381176
2362406
02348888
2245385

02434318
02480107
2326957
02381176
02224690
02171228
2245385
00426849
2506696
02170671
2243796
2480808
02388944
559393
02246793
01923420
2163721
80068809
2274086
2326957
80068809
80108178
122823
80021855
80069493
80004884
765384
80012474
02255316
02351072
02296713
2245385
80002333
80001336
80083109
765384
406988
765384
80021855
02231214
80003751
00532479
02439026
406988
02255316
02385813
02326795
00206032
02346486
2150328
02236958
80003210
80068809
765384
80021855
2467860
02285592
406988
02466759
406988
02427168
02326795
2247162
2248503
02245389
02309858
406988
02239146
02041413
80001336
765384
80021855
28606
00294322
02326795
2457741
02427168
02321556
02247521
2256142
02443937
2245689
2518376
2240769
02385449
02171228
2304317
765384
406988
2393433
80001336
765384
02231214
02443937
02348888
02245389
2522861
02471469
02303922
2245247
02247521
80068809
406988
2241634
02376946
02346486
02344025
2518821
2422638
02286246
02171228
02351420
00514535
00532479
02245389
765384
80002333
2426153
02309858
02427168
2481677
02155869
02381176
80083109
765384
80003210
2426838
02247764
80068809
80073687
412562
02236958
2548216
00294322
2425610
2362406
782483
02252279
2379260
02284847
2245385
2312433
2481308
02381176
2428148
2352419
02238873
02243694
2480808
2481863
00604453
80007620
80000111
02467860
02427168
80006299
2393190
00559407
02299585
00532479
559393
02171228
02381176
02223546
80006299
80068809
02381176
02388790
2231493
2301733
02531402
02162822
02384299
02388944
02360594
02284723
765384
00532479
80083109
455377
80021855
2405474
02309858
765384
122645
80000022
00037788
80008306
02258595
2481685
765384
80021855
2040905
00793167
02452839
02452839
2416549
2396335
2438925
02230711
02343460
80001088
02470675
80068809
80003210
80002617
80112258
2150328
765384
02049694
02487381
80016965
02245911
00532479
16500
02443937
2176955
765384
02171228
02346486
80021855
2040875
765384
8002617
02230711
02300524
02321556
2291878
2403587
2470365
455377
02376946
02381176
2481677
2237726
02171929

406988
02343096
02294583
02321556
02346486
2248130
2464985
80061769
02247479
765384
80002333
02326795
02530708
02296713
00015741
80021855
80083109
765384
80002333
00532479
80021855
765384
122823
297720
2481308
2480808
559393

2150328
00021695
00360279
2481677
00668184
765384
80035523
80021855
2241634
80007620
80055794
441775
00026808
02464985
02162822
2265540
02162822
80002333
02427168
02344025
02284723
765384
02171228
02049732
80083109
00179957
80003192
02384507
2381478
02357143
02274388
02384299
02171228
00021695
02237154
2518058
02418932

02255316
2457741
2381478
80007620
2321696
2325462
2416778
2338726
2245385
2305054
80055794
02245911
80008306
80068809
765384
2338726
00496480
00396761
80002333
80083109
765384
80014978
02171228
02230711
765384
02284804
2150328
80002333
80002546
765384
80021855
2241634
406988
765384
765384
02346486
02320614
00312800
02443937
765384
02237449
80003192
406988
406988
2304317
2418401
02321556
2519348
02348888
2241634
02373955
80061769
2150328
2303027
02346486
02238123
2320673
02251515
02284847
80016965
2245689
02443937
80000111
455377
2355043
02381176
2419114
2398273
2375311
02171228
765384
02247479
80002333
02230334
00833290
80069493
765384
80003210
765384
80068809
00778907
02539837
02289989
2244076
765384
80003210

00335053
02231457
2438917
22788251
02326795
02385813
765384

80003210
2048965
765384
765384

2310341
2481677
2415771
02427168
80021855
765384
2242924
2285169
02351420
00179930
2171228
2242303
80023646
02377934
2256142
2239941
80014978
80006299
2456311
80068848
80028364
80041057
80043489
02246362
765384
02443937
765384
2241497
02231457
2247439
2433761
02242924
2396327
02456451
559393
8002617
80016965
2356740
2378523
2301075
2246820
2245247
02416778
2270609
02284383
2150328

02294583
02230711
02385449
2445670
80083109
765384
2248727
00532479
02424401
765384
80021855
2245246
2265540
765384
02413612
2294745
02419858
2438917
2379279
765384
02284804
02488000
02207664
02445875
765384
80083109
80000435
02247373
406988
02321556
2237726
02251515
2488140
02466759
02245058
2443708
2239941
02238123
2477963
369810
80069493
8002617
02339927
2213583
878723
559393
765384
80055848

00441775
00828793
02299712
80016965
2438917
02255316
02287072
02162822
396788
02443937
2245385
782696
80083109
765384
02284723
02171228
02371022
2150328
80068809
1933531
02531402
02162822
02376946
02255316
02381176
02456451
02171228
02386496
312800
02402874
2240266
02241332
02171228
02381176
02365324
02343460
00790427
02339927
02155869
765384
02326795
765384
455377
2224690
765384
80009878
80021855
00833290
80002617
02172909
02377934
00360279
02402874
2150328
02238671
406988
02361299
2230711
02339927
80021855
00668184
02245911

2531550

765384
2339404
2438917
2425610
2207818
2481685
2236970
2411695
2456214
451207
2422638
406988
80007620
00532479
02243925
02162822
02287072
2241634
02402874
02381176
02351102
02339927
02427168
80021855
765384
80083109
2172909
02289989
02162822
2248103
2439786
2422638
335061
363812
02376946
765384
02245911
559393
02229620
02377233
2246010
2381478
2457172
2265540
2456311
80007620
80021855
00514535
00477133
02284723
2261855
2352419
80083109
765384
2150328
2024217
02317893
00793167
02248450
02296713
02381176
02427168
765384
455377
765384
2261952
2321696
559393
00514012
80000111
406988
765384
80044606
80002333
02424401
2265540
80000111
80006299
2040875
406988
80049668
2506564
2467860
02385449
00337730
02495651
2285657
02384299
02376946
00716693
765384
02244257
2521830
765384
2470683
2512076
02171228
2237367
02223600
765384
2237726
8002617
2245385
2241497
02385449
02381176
2237726
2451239
02456451
02298589
02463644
02418304
80055794
80069493
02512629
765384
80002333
80068809
80002671
80061769
02344025


2238123
2506696
2273357
2352419
02339927
02321556
02326795
02441888
2265540
02320916
2425610
2243588
02427168
00426849
80000111

2412950
2521156
80003192
2362406
2438917
80021855
2477963
80000111
02245911
2349167
02427168
02321556
2352419
02422549
02388944
02385449
80003480
80007620
02377233
02296713
02294583
02381176
765384
80016965
80083109
80021855
80002333
80069493
80068809
765384
326844
02171228
02424401
2481677
2352419
02312433
02427168
02171228
2370611
02381176
80083109
765384
02270528
02230711
2241602
2150328
80068809
02245058
02465426
2237726
2247802
02237600
326844
02303922
2265540
2438917
02284847
80007620
02530708
02321556
02381176
02348888
2362406
80016965
765384
02296713
2265540
28606
02458640
765384
80083109

80068809
02466449
02385449
02443708
2247162
02238341
01945254
02381176
02326795
2422638
2150328
80021855
765384
2464985
02512335
02376946
80053686
80083109
765384
80021855
02170671
318973
2429659
2438917
2229406
02156091

80002617
406988
02493926
80002333
765384
2040921
80001336
02300524
2481863
2428148
765384
80000269
02213192
02229453
2132680
559393
2244816
02173344
02282445
02365197
00360279
2341093
02162822
02385449
02381176
01923420
2150328
02358034
2244353
02444844
02232969
765384
80068809
80021855
02170671
2247162
2256134
02213192
02422549
00426849
80083109
765384
2406330
2265540
2150328
765384
80069493
02321556
2480808
02422662
02284723
765384
2210428
765384
02384299
2241634
02223546
559393
406988
80021250
80021269
02241332
02239146
80083109
765384
2230711
1945157
02172909
2159775
2475812
2481316
2438925
2245247
2396335
2438933
2422646
02443937
2237726
2265540
2352419
02320614
406988
02346486
02427168
02443937
2040905
00646016
02255316
02284723

02455102
80001336
765384
80023282
559393
80007620
765384
2321696
02452855
02427168

406988
02162822
2455609


559393
80064756
02357054
2456451
00179957
80008306
02451530
00397423
765384
80083109
2150328
02384299
2522861
02320916
80083109
765384
00712507
02255316
2457741
02427168
02296713
02422549
02309858
2492571
2241634
406988
2103613
02381176
2304317
2551357
2409291
2285169
2297574
02326795
312800
80039378
80016965
02530708
02309858
02331624
2362406
02162822
02344025
00828793
02445875
02326795
02245860
2362406
2512475
2446928
02425483
02351420
00028606
02381176
2466759
02151588
80023705
80068809
80001336
80021693
02443937
406988
02464985
02399032
02384507
02162822
02223600
02326795
2237726
02360594
02309858
559393
765384
455377
80068809
80069493
80003210
80057731
02278251
00426849
765384
80083109
80021855
80002546
406988
80070376
02146959
02445875
2027887
02365324
566950
02247521
02519348
02267233
02223546
2237726
02162822
02326795
842834
00668184
765384
00491772
2310899
2150328
02492571
00618632
2284383
02470675
02422549
02244993
02248450
02171228
406988
00294322
02321556
02343460
559393
1933531
02495244
02162822
02377934
02381176
2465167
2262746
02348888
02309858
00828793
00668184
80006299
80021855
02471469
02041413
02301016
765384
80028197
80061769
80083109

02246619
2091925
80027151
02264846
2366665
02244896
02446928
02443937
80024484
765384
406988
2237726
2438917
00646016
02321556
02309858
00328219
765384
02384299
441775
80068809
2379279
326844

765384
80083109
02284723
02427168
2422638
80068809
02339927
02381176
02360594
02479877
80083109
765384
80000111
02041413
02241332
80003751
765384
80090051
2128446
02240743
80068809
80003751

02246362
80000111
80066848
888524
02381176
02484218
00618632
2416778
02382644
80007620
2150328
80003210
80083109
80021855
765384
406988

80027127
80002333
2438917
2247521
02427168
765384
2237726
2387891
02255316
2150328
406988

00039365
765384
02479877
02381176
559393
02343460
02381176
02360594
2150328
80083109
80002333
80057587
80060088
80021855
765384
455377
80021855
80007620
765384
02245911
02231493
02248347
02467860
02381176
02426811
02255316
02425483
02333856
2237452
406988
2241634
2040921
765384

02172909
80068809
765384
02424533
02451913
02440342
740713
2217481
80068809
80068794
80087550

02284723
80006299
02240743
80083109
765384
80001336
80003480
80003210
02171228
765384
2413140
02309858
02427168
80068809
2362406
02381176
80068809
80021855
80002333
02162822
02296713
02365324
02381176
02326795
2481677
2237726
765384
80068809
8002617
80068809
80021855
2265540
02241332
80068809
02427168
2150328
80083109
765384
406988
2241634
765384
02487381
80068809

02380021
02300524
02343622
02171228
02377934
02326515
02376946
00179930
02381176
02282445
2245385
00836370
2369176
80068809
80002333
80021855
80009761
765384
02245911
02347997
2487381
02171228
2440644

80021855
765384
2265540
02221829

02165503
02282445
2103613
2241497
2325462
02243919
02427168
16500
2437570
80068809
2237726
80002333
765384
2481677
02171228
80003210
80002546
765384
02241332
2378523
2425610
02314177
2456311
2443937
765384
80003210
02300524
80008306
80083109
80006299
02326795
765384
80000022
80003192
80009761
8002617
80039378
80068809
80069493
765384
02376946
02348772
2489406
2408570
765384
559393
02427168
02171228
02385449
765384
02346486
80003480
2265540
80083109
80002333
02229620
80068809
80021855
765384
80000022
80038005
80021855
406988
765384
2040905
765384
2447576
653233
02248743
80061769
02230334
765384
02435462
80068809
80057587
02360594
00491772
80083109
765384
406988
80021855
02316986
02321556
80021855
80002654
80068809
02171228
02296713
02255316
02381176
02171228
02230711
02289989
80079251
80057587
80007620
80021855
80007620
02162822
02370921
02238216
00878901
02230711
2474522
02303671
2241497
02245689
02171228
559393
02284723
02165503
00828793
2481677
765384
406988
02287072
2150328
02171228
80000111
765384
80016965
80002333
02377934
02267233
765384
2223511
2247162
02246083
765384
80021855
00668184
02443066
00021695
2512475
02365197
80083109
765384
80002333
80069493
80039378
80068809
2362406
02427168
02346486
02467860
765384
80021694
02162822
2272873
02245821
02217481
00668184
02245389
80004334
80021855
765384
2150328
80003210
02427168
80016965
750824
02351420
2453053

02171228
02385449
441775
02255316
02296713
2481863
02229453
02361744
02427168
80021855
80003210
02172909
02331624
02466449
80023453
2172909
80021855
765384
80003210
80068809
2408570
02284804
2481677
2327856
02351072
2438917
765384
80083109
02245911
02381176
02427168
765384
02159589
80000269
80024232
02381176
02320614
02396327
406988
598194
2457393
02239090
878901
02377233
02010909
2352419
80002333
765384
80007620
80001336
80021855
455377
02245911
765384
02456451
559393
02249766
2411695
02282445
02435462
00833290
765384
02245247
02255316
00294322
02471469
00206032
02162822
02233407
02422549
02023865
80000083
765384
80068809
80046158
00712507
02233146
80003210
765384
80069493

02255316
02346486
80002333
2265540
02123274
02241332
765384
80002333
406988
765384
80001336
80021855
80002333
2481677
80000269
02171228
80003192
02151588
80068809
2409291
00012289
02422549
02321556
02284723
02396327
02296713
2237726
00514535
80015552
122645
2040921
80004529
2237726
02471469
2241634
02346486
80061769
80068809
2271931
2408872
02381176
2275074
02282445
02286513
122823
80006281
80007106
80000241
80009863
2176955
02240743
80068809
80000083
2040921
80023637
765384
2452693

2245247
2481677
02427168
2443937
02326795
2271443
02155907
2247162
02244353
02467860
02348772
2469677
765384
80068809
2040905
00294322
80002546
80003210
406988
02223546
80068809
765384
80083109
765384
02471469
2265540
2242984
02241332
02370417
02162822
80068809
765384
80003210
80021855
559393
00716839
2019701
80007620
80044606
2172909
80047274
2480808
2245246
2265540
80083109
765384
80000241
02171228
765384
80083109
80003210
02282445
02402874
02136090
2463741
02243796
02351072
2456451
02298589
559393
765384
00793167
2481677
80003480
80021855
02449935
02448572
02381176
2481677
80013332
80003210
80021855
455377
80083109
80068809
765384
02427168
2481677
2369176
02238123
02422549
02248450
02381176
80021855
80068809
765384
02371146
02381176
02248499
2534681
2438917
80031738
00532479
02172909
80001088
02171228
02171228
02431637
02378523
80083109
02331020
02248727
80083109
80006299
80006299
80003210
2451239
2499401
02377934
765384
80003210
2040875
2237726
02298589
00790419
2237244
406988
80000042
80003210
765384
80068809
80057731
2444844
02471469
02229704
02268493
02394804
02346486
2245058
2245523
02466759
00740748
765384
02171228
02423855
00828793
559393
765384
80007620

765384

02162822
406988
02385449
02284723
02427168
02287072
02422549
2381478
765384
00532479
80068809
2265540
2237279
2248570
80083109
765384
02284723
2244612
765384

00725110
02381176
765384
02231603
2464012
2388324
2441829
2265540
765384
2464012
80083109
326844
02377934
765384
80069493
80017035
80083109
2408570
2418940
02424401
02282445
80068809
80003210
2320673
02238671
441775
02243796
2405474
2423308
2441497
2040905
80044606
80058460
80063083
559393

80002617
765384
80005634
2487713

406988
2040875
765384
765384
2526794
2481677
02245389
406988
765384
2040921
80083109
2009889
2304317
2362406
02339927
02493926
02474522
02245860
80069493
8002617
80001336
2040905
02450054
02371979
02381176
02153483
406988
2150328
765384
80006299
559393
02479877
02381176
2422638
02454130
80015552
80002333
02241202
765384
80069493
2040875
80000011
455377
80011830
2176955
02346486
02388944
02296713
2150328
80003192
80003751
80003480
80016965
80068809
765384
00294322
02381176
02326795
02470675
2544245
80001336
80054325
122645
765384
80021855
765384
80014401
00179957
80000134
80003192
716618
2440938
2321696
2457741
2425610
559393
02099683
2241634
02245911
80001088
80001336
80025493
02519127
1900978
80007620
80021855
02299585
02396327
2362406
80028197
2165503
2239090
2438917
02427168
02503271
2412950
765384
80083109
02358514
2507749

765384
406988
2362406
02348888
02381176
2327856
02296713
2481677
2229099
02519127
80002333
765384
02241332
2379279
406988
765384
02326795
02377934
02385449
02381176
80057587
80057364
80068809
8002617
02171228
02479877
80003480
02316986
02384299

02443937
02255316
02381176
02284847
02233014
02171228
02219492
765384
2220067
2240590
2341093
02270811
2451239
80000286
765384
80008306
02171228
02171228
02309858
02418932
80002333
765384
2265540
02357682
2297795
02365324
2379279
02171228
02162822
2435462
2521156
02245911
80003751
765384
02427168
80068809
765384
80068809
80003210
00532479
406988
80055794
00668184
765384
2412969
2281228
2412691
2340208
2242684
2242680
2457768
2521164
765384
80021855
406988
02244993
765384
80021855
2473453
02422549
02427168
02346486
80083109
80006299
02162822
02425483
2438917
406988
80002333
2301733
02245911
80007620
02162822
02427168
80083109
02300893
02316986
02171228
02255316
765384
02245389
765384
80002546
02385449
02402874
2481677
2438917
02351420
2518821
02287072
80083109
765384
00532479
02031094
2362406
02376946
2150328
02248450
2408570
2464985


02496461
2017849
02320614
2245385
02419858
80003210
80002654
80007620
406988
02245911
765384


00654493
02162822
00294322
2237726
02296713
02381176
2237726
02158590
2239665
2412950
765384
02326795
2239090
02267233
765384
80003751
02090163
02171228
2265540
02041413
80068809
02446561
02238341
2439808
02284723
2150328
80021855
2438917
02343622
578428
02320673
80083109
2245669
2231603
2156091
02309858
02238671
02162822
2477963
00828793
02284723

02377934
02427168
455377
80002333
80072835
80069493
80025868
80004895
02249766
02422549
2304317
765384
406988
02162822
2438917
02377934
80068809
80083109
765384
02162822
2352419
02346486
02427168
765384
02171228
02238671
02385449
2543184
02287072
02346486
2303027
765384
80015552
2245246
2238103
2295121
02123274
02443937
01923420
765384
80001336
2464012
02385449
02510987
2481677
02243919
765384
80003192
765384
406988
2040875
02171228
00893749
02241332
80006299
80083109
00793167
80057587
765384
02141574
02241332
80021855
80002333
80009878
80016599
2176955
00712507
80083109
00219207
80002546
80007620
2299585
2172062
02346486
2194066
02456451
2325462
02172909
765384
80072835
80003210
80068809
00122734
80061769
02284804
765384
455377
02213192
00021695

02427168
00846503
80083109
765384
2298376
02339927
02381176
02422549
02286513
2150328
00026123
02351420
02415690
02427168
02318164
02245911
559393
2481677
1933531
02432331

02417502
1966170
02171848

80083109
80008306
00021695
559393
2406284
2255340
2265540
02236958
02026805
80068809
2468565
80052313
2241634
80112375
765384
406988
80083109
80068809
80070693
2040921
80021855
2241634
2030071
2451239


02435462
80003210
2481677
02381176
80083109
765384
80003192
80083109
02287072
765384
02171228
2435462
02244353
2412829
80002333
02229453
80003210
80083109
765384
80003751
765384
2172909

2424991
02285673
02182963
02475065
80021855
80021693
80043658
02347997
2473569
2408449
02377934
80021855
765384
00668184
8002617
80000111

2040905
765384
406988
02171228
00532479
765384
02043394
02456451
2304317
02361299
765384
00532479
80002333
02440342
02223546
765384
80068355
80071439
2271443
02296713
80002333
80083109
00532479
2150328
02381176
02184788
80069493
80002333
02172909
2327856
02377934
02381176
02162822
02171228
2390698
2304317
02427168
02357755
02171228
00426849
02476991
00030910
80043658
765384
80002333
2177889
406988
02445875
02171228
2289261
2314177
02172909
765384
80083109
80068809
406988
02331020
02299585
2245385
2241497
2153483
2481677
765384
02388790
2156091
765384
02512041
80083034
297666
2357305
80025472
80063083
02344025
02255316
2285169
2457741

02162822
02239941
765384
2265540
559393
406988
80002545
80003210
80061769
765384
2426153
02469677
2481677
2422638
02350750
02171848
02376946
02284804
765384
2237726
02233014
765384
02479877
02246362
80071439
02427168
559393
2437570
02321556
02422549
02381176
02326795
02255316
02467860
80021855
765384
765384
406988
80068809
80083109
80003210
02381176
02153483
2481677
80002654
00712507
765384
80002333
406988
765384
02049732
80068809
765384
80002333
318973
2265540
2422638
02427168
80002333
02376946
02343622
2304317
02381176
02427168

2457741
2393441
80003210
765384
00532479

2172909
8002617
80000269

765384
02237425
406988
2172070

80021855
00532479
8002617
80002654
297666
2172909
02432331
02445875

02171228
2171228
02346486
21288
2463865
2396343
2413469
02162822
2449854
2416549
2245523

2468565
765384
02142988
02427168
2422638
00716839
2194066
02241332
2407493
02316986
02171228
02381176
2026767
02245911
2150328
80068809
765384
02229620
406988
8002617
2481677
80007620
406988
765384
02385449
406988
80016965
02427168
765384
80000111
80083109
80021855
455377
80112429
80005634
02520303
01945254
765384
2321696
02499967
765384
80035900
80068809
80005634
00021695
1933531
80021855
765384
80083109
02451913
02451913
02470675
02162822
2238123
02381176
02284804
02422549
02427168
80002333
765384
80083109
765384
455377
00017841
80021855
02185792
02301482
2237824
2439603
80068809
80066266
2304317
2438917
02294583
02427125
2456575
80003210
80007620
80000111
80010367
02309858
2377233
02238671
2223511
00039365
765384
02455951
2261081
02282445
2453800
00146935
80015552
2402769
2373823
2245669
02274388
02462974
02495651
02400529
2485419
2460513
00030910
02252767
02496941
02314177
02310899
02427168
02416778
765384
02172909
80002333
02381176
765384
80039079
80069493
2250012
2163543
00693502
80002333
80021855
765384
02484064
80068809
02357844
80068809
00179957
406988
00712507
02365197
02425483
02381176
2489406
312800
2266008
00725110
2237824
02309858
02456451
02303671
80003210
406988
2247162
02284804
2432889
2223554
80068809
2265540
2481677
02347997
80007620
559393
02299585
02232969
2176408
2213583

80008306


2018985
80128497
765384
2481677
02381176
2297574
80068809
80002654
02230711
765384
80008306
80011789
2481677
02321556
2150328
02170671
02350750
02245389
2293811
02344025
2481308
02351420
765384
80021855
02439026
765384
406988
80002333
80007516
80068809
80003480
765384
80028197
00712507
02230711
80003210
02246362
80021855
2341093
2150328
02284847
765384
80004428
02241332
02151588
80002333
765384
02245389
765384
2449811
559393
406988
02309858
2271443
80068809
765384
80036674
2457741
02207664
02344890
765384
02351102
646059
2440628
896411
2518821
02384299
2248307
00790419
02171228
02445875
2439786
2150328
02381176
02471469
2092832
80061769
80021855
765384
02231214
00532479
80083109
00179957
00668184
02239815
765384
80026948
2040921
80039378
80007620
80068809
80083109
765384
00851736
02422549
2338726
2414570
02294583
02241332
765384
80083109
02151588
01923420
80044606
765384
765384
00532479
2248570
02516187
2481677
2123274
765384
2449838
2426153
80005634
80000083
80068809
406988
765384
02184788
80001336
80021855
2040875
80070693
2242303
80057587
00217158
455377
02381176
02422549
80068809
559393
80068809
765384
765384
455377
80062960
765384
765384
02346486
02171228
2481677
765384
765384
80021855
00092185
02517795
02339927
02284847
02411695
80007620
406988
80002617
02432919
2262746
80061769
02245911
80021855
765384
406988
02440970
02469677
02318652
00224774
80002333
02316986
2481677
02381176
02241332
02241332
765384
80008306
02240935
02309858
2341093
02427168
80021855
765384
00712507
2240910
2265540
02267233
80083109
80068809
2229099
2241497
80007620
80068809
80002333
2176955
02171228
02381176
02162822
02255316
02287072
2241634
80021855
2481677
765384
2040921
80021855
2408570
80021855
80007620
2040921
80021855
00532479
02172909
2491788
00532479
765384
2040875
80002546
80083109
80016965
80039378
80007620
765384
80002333

765384
80003210
80042290
80021855
80068809
80007516
765384
80068809
02451239
80002333
80006299
02241145
00712507
2379279
2379279
2265540
2481863

441775
80000043
765384
122823
00793167

765384
21008
2026805
2449838

2237726
80003210
02286513
00010405
02171228
80002546
80007620
02422549
02427168
02381176
80000022
80044606
765384
80000011
02162822
00514535
2508923
02385449
2304317
326844
2265540
02321556
02326795
00894249

01962779
02439654
02240743
02151588
80006299
80021855
559393
02344025
02453150
02347997
2248296
02241332
80002333
765384
80083109
406988
2320673
00890960
80061769
406988
765384
80068809
02443937
2150328
02289989
02471469
2464985
02435462
80068809
80002333
80000083
02172909
02439026
765384
80057587
02443937
2244353
2304317
02339927
02320916
2041413
80003210
02296713
2150328
02350750
02238123
559393
02245389
2481677
2414570
02351072
2265540
2310899
02441888
2340550
326844
765384
80021855
80124660
02381176
765384
80002333
80021855
2453053
765384
406988
02267233
2150328
02384299
2380021

80003751
2314177
2304317
02359596
2162418
2212048
2280183
02241332
2298589
80021855
80007620
406988
765384
00532479
455377
80039378
326844
00725110
2363399
2443236
02385449
02489961
765384
00332593
00039365
80021855

02443937
2265540
2299585
2385813
02162822
01959352

80068809
2150328
02241332
2481677
2438917
02284804
80003210
765384
318973
80016965

80069493

80042345
765384
80002333
80000111
559393
02375087
765384
02385449
80142486
326844

632724
2103680
80005634
02350750
765384
80008306
80069493
2357798
2239606
02043394
765384
02231214
02318164

02192756
02339927
02171228
2493578
2304317
80005634
765384
80003210
80000269
80002333
80068809
765384
2362406
2438917
2422638
726486
2413388
406988
80068809
26123
80000269
2412950
02365197
02223600
02422549
02246793
02519127
02326795
2245385
2241634
406988
02360594
2438917
2481677
02503271
02045710
2438917
02422549
00294322
765384
02339927
2438917
2150328
2403587
80068809
2321696
2321696
00037613
02441853
02343460
02503271
02475065
2150328
02245982
80006299
02229620
2150328
02284847
02173344
02296713
02381176
02255316
02162822
02443937
2316986
2040905
2040921
765384
406988
00028606
80075623
80043454
02402874
00012289
02238671
02523353
02518732
00224774
00535494
80083109
02530708
00016322
02530708
2438917
00828793
455377
80021855
765384
80083109
765384
765384
406988

02479877
2518821
80008851
80003210
406988
455377
765384
2176955
80027485
80002617
80083109
80137553
2341093
2438925
2230711
02229453
02238123
02321556
02351420
02299712
2438917
02479877
2303027
02248752
2150328
02192756
02171228
02381176
02376946
02309858
2245523
02254689
80055794
80001336
00559407
765384
406988
765384
80068809
406988
2362406
02530708
02348888
02479877
2389037
02231493
02171228
406988
2429667
2385341
2242320
2468891
2248752
02162822
765384
2040921
80003210
2409291
2456311
02045710
00042560
406988
765384
80003210
765384
406988
00294322
02296713
02441853
2354004
2388006
02530708
765384
2494418
2438917
02496941
2481677
02236958
02144190
02019884
02296713
2412950
02344025
00028606
765384
2241634
2438917
406988

765384
406988
765384
406988
80132649
406988
765384
80068809
02239815
02172909
00532479
80057587
02439026
2150328
2521156
00535494
02496941
02424126
00012289
80006299
00017841
00266086
406988
765384
765384
2241634
80090051
765384
2143445

765384
00532479
02443937
02441853
2294745
80021855
80000111
02403595
80006299
80031154
2328100
2438917
2229453
02246362
80000083
00353914
756784
02422549
2237726
80002333
02238671
02496941
02530708
2438917
02243796
00028606
2438917
02366940
2241634
00039365
80006299

765384
406988
80068809
80003210
765384
02155907
2468891
771376
2457741
00012289
02351072
80068809
80007620
00179957
2297302
02424126
00012289
00426849
2509067
02245911
80007620
765384
455377
765384
80001336
765384
80000111
765384

80002617
2150328
80068809
765384
02284847
02385449
00028606
02351420
80021855
765384
80016965
765384
2150328
02326795
02381176
02309858
2419114
00010332
02162822
2534681
2457741
2481677
2440644
02255316
02467860
765384
02239941
765384
02435462

2238682
2412950
2374757
02422549
02381176
02255316
02347474
2238638
02427168
02321556
02238873
02385813
02365197
2534835
02282445
559393
00514012
80054325
80003210
02245911
80068809
455377
80068809

02496941
00010332
00026123
406988
02282445
00005525
2362406
02346486
80000022
02238671
02238671
00535494
02351420
02365197
00294322
02243796
2241634
02236958
02503271
00039365
2457741
02309858
02284847
02377934
2150328
02351072
559393
765384
406988
80012474
80068809
765384
2237726
02385813
02346486
80083109
80021855
765384
02229620
2024187
765384
80083109
765384
80021855
80006768
80100799
80009878
80039378
2040921
80068809
80003210
02231214
2176955
80000011
80089299
765384
80012474
406988

80064047
80057587
80021855
765384
2150328
2285169
02045710
02346486
02238123
80068809
765384
765384
2241634
80003329
80054325
02230334
80068809
02384507
406988
2444844
765384
2150328
80016965
2239068
80003210
318973
765384
765384
80003210
406988
02351420
2341093
2457741
2150328
2464985
02162822
2521768
02518732
00535494
02471469
02346486
2362406
02309858
02377934
02385813
02424401
02360594
80068809
2435462
02279460
2493373
02303922
02321556
02381176
2237726
726486
02252279
406988
765384
2040905
80002617
765384
02231214
80068809
02231214
765384
00532479
80002333
406988
02427168
80021855
765384
80016965
765384
765384
406988
80068809
765384
00532479
559393
765384
2462486
2040921
02171228
02286513
02377934
02454130
02385449
2426153
02221896
80021855
406988
80002333
80015993

2449838
02381176
02385449
80083109
2230648
765384
2381478
406988
80000111
80016965
02162822
02296713
02255316
02346486
2245385
02351420
02326795
02339927
00294322
716618
80068809
80083109
765384
00039365
02236958
00514012
765384
80021855
80068809
80001336
2406020
80003210
80000083
765384
02172909
2467860
80021855
80068809
80007620
406988
00532479
80012474
765384
02321556
02171228
02294583
02504987
765384
00532479
80012474
80000111
02346486
80006299
02381176
02479877
2245246
765384
765384
406988
765384
02245911
765384
406988
765384
2048965
765384
406988
80068809
02326795
2213192
2352419
2237726
765384
406988
2521156
2316986
02497581
2396327
02348888
406988
765384
02479877
2265540
2403587
80002333
80068809
2512475
02045710
2441934
02524856
80003210
765384
80012474
765384
80068809
80068809
406988
80030004
80021855
765384
00026808
2245246
02162822
02284723
02424126
02503271
2150328
765384
80007620
2040875
02346486
765384
02244896
2245385
2285592
00790419
2438917
02427168
765384
00532479
80068809
80068809
80002333
02348772
2412977
80068809
765384
455377
765384
2534681
00532479
80000111
80031154
02422549
00828793
02255316
02284723
00294322
02413612
2150328
765384
2510987
02282445
02427168
80016965
02162822
02497581
02467860
02443937
2362406
2261987
2457741
2521156
02243796
2150328
406988
2404656
2231590
80068809
80021855
80007620
80003210
80022550
80068809
02471469
80070135
765384
02471469
2409291
02326795
02346486
2548216
80000269
02346486
2316943
2237726
2275074
406988
765384
2241634
765384
765384
02365197
02162822
02425483
02326795
02171228
02381176
2195933
2514532
765384
2150328
80021855
765384
80000111
00015741
02296713
02445875
765384
80001088
80025201
80077254
455377
80123340
2040921
2176955
02360594
2457741
2481677
2301733
80000111
765384
406988
80007620
02151588
80004546
80039028
02231538
00463256
02170671
318973
02267233
2403587
406988
2315947
02441098
02162822
782483
2438917
00010405
02385813
2407485
02381176
402788
02466449
782696
559393
765384
80000083
80068809
2534681
2457741
771376
80003210
2040905
765384
80003210
80039378
80012474
765384
80021855
80067448
80021855
122823
297666
80020725
2040921
80000043
455377
00693502
80064449
80070693
02388944
2341093
00028606
02355655
02043394
80021855
80002617
455377
80063083
318973
765384
2040905
80052777
765384
80057587
2040905

765384
80068809
00532479
80057587
2176955
02243926
80021855
2172909
2456311
2423537
455377
755826
80083109
02496941
2412950
02504987
771376
02377934
02351420
02315955
02483874
00532479
80016965
765384
2526271
80083109
406988
80083109
2172909
2285169
2285169
02381176
00481815
2534681
2494507
80007620
02320916
80083109
765384
80043454
80003210
765384
80095747
80015552
2040921
80063083
80001219
2176955
80059559
2150328
2176955
80003210
80001336
80083109
80068809
765384
406988
80068809
2150328
80002333
765384
02049732
2150328
02321556
02368544
02255316
02381176
00037613
02284723
2379279
2245246
02351072
02488000
00016322
765384
80000083
80068809
765384
80068809
2277131
2248307
02474522
2534681
2409291
2242303
02385449
02402874
80007620
2287390
2451867
02381176
02286513
01950592
02238671
02381176
02317060
02440628
2477963
02284847
2245385
2326450
2483874
02443937
80007620
406988
80007620
02237824
02496941
2438917
2407442
2150328
559393
765384
406988
02450054
02309858
2229099
00790419
2182815
80006299
80068809
80000286
80002617
122823
765384
765384
80003210
2172909
765384
80068809
406988
765384
765384
765384
80026666
80068809
765384
765384
406988
00012289
2412950
80003210
02231008
406988
765384
406988
765384
122823
80083109
2040921
80001336
80091667
406988
765384
80083109
2040921
2247134
02318164
80034687
297720
80068809
765384
559393
00021695
02504987
02381176
02347474
02445875
765384
02377934
02241332
02471469
2171228
765384
02171228
02162822
02471469
2304317
02171228
2285169
02479877
2456451
02530708
2341093
2241634
80006299
2040875
80021693
765384

2321696
2321696
80068809
02331624
406988
80083109
02171228
80068809
406988
02248743
765384
02385449
2338350
02361299
02158590
02384299
02450054
02518732
765384
80003210
80068809
765384
80007620
80003210
2176955
297666
80002546
765384
80021855
406988
765384
02365197
406988
80000286
765384
80002333
2265540
02231150
2240769
02385813
02171228
02309858
2245385
02298589
02510219
2362406
584266
02237154
02320916
02231493
2393433
00693502
80002333
02231214
00504874
765384
455377
80004529
765384
02238671
765384
765384
765384
80083109
765384
455377
406988
80021855
122823
2471469
00646016
80016965
02284669
2368854
80001336
80097834
2321696
765384
406988
80083109
406988
80007620
2550733

2172712

8002617
80068809
765384
80003210
765384
80021128
2172909
00532479
02231214
80083109
2241634
80007620
80000111
765384
80003210
80007620
765384
80044606
765384
406988
00224774
02458144
02287072
2481677
02162822
02443937
00026808
406988
765384
2237279
02268418
2412950
80024835
00208973
00010332
02282445
2364115
00888400
00294322
02173344
2457741
02496941
2412950
2474522
02279657
02402874
02274388
00894249
765384
80028197
2422638
2457741
80000111
765384
00532479
80013004
2223546
559393
765384
80003210
80069223
80068809
765384
406988
80068809
80003210
80083109
765384
80024752
02239941
02381176
765384
00559407

80068809
765384
80083109
2241634
2040875
00559407
80069493
02439026
765384
402753
80001336
765384
297666
2040921
80007930
80039378
02287072
02162822
02296713
02255316
2265540
2150328
765384
406988
765384
2388251
80016965
765384
80090198
80068809
765384
80068809
122823
80038562
406988
765384
80021855
406988
2241634
765384
80021855

731439
02385449
02284847
559393
765384
80007620
80018311
80003210
02496941
02504987
765384
406988
765384
406988
765384
406988
00426849
80068809
765384
406988
765384
80016965
2241634
00599026
02443937
559393
02223546
02427168
765384
406988
02237824
2287390
02351102
02443937
765384
02309858
406988
765384
80007620
02241332
2020017
2026767
765384
00532479
406988
765384
2150328
765384
02223546
80007620
02172909
00532479
765384
80012474
2237169
406988
02388790
00693502
765384
2040921
80021855
02299712
80006299
80083109
765384
2339099
80007620
765384
80012474
765384
406988
80008851
80043454
02244257
80006299
00266086
00532479
80061769
2416328
00179957
765384
406988
765384
406988
80068809
765384
80021855
618632
02381176
02365197
80068809
80012474
2172909
455377
01981501
765384
2040921
80057587
765384
80001088
80068809
2521156
2385694
2172909
765384
406988
80018311
2439344
00793167
80042345
80021855
765384
02326795
02381176
02385449
02377934
2237726
02351072
02320916
80016965
765384
455377
765384
00532479
2241634
406988
765384
2499401
02381176
02162822
00028606
02379317
2322374
888524
406988
765384
02385449
02287072
2213192
80007620
2304317
765384
80068809
765384
406988
02168898
80002617
00559407
2481677
765384
02171228
02346486
02347474
02530708
02296713
80007620
80012474
765384
2040875
80002617
2172909
80007620
765384
80013274
80068809
80068809
765384
2241634
2242303
765384
80021855
02458144
02394839
02346486
02371022
2435381
02427168
80003210
02171228

80069493
00426849
80000476
80031890
80018941
80109240
2242303

765384
80068809
765384
80021855
2040921
2172909
2250012
02171228
02300524
2328070
2150328
80002333
80006299
02172909
2519348
02282445
765384
122645
406988
765384
02172909
80021855
80012474
406988
00532479
80000123
02231247
765384
80007620
80021855
00532479
80002333
00668184
765384
406988

80003210
80068809
80009137
455377
2040921
122823
80061769
80022550
80083109
80003515
80000834
80021855
80039378
2172909
80029023
765384
80082827
406988
297666
80016965
02171228
02231493
80003210
80007620
765384
80068809
02296713
02427168
02360594
02523353
00392561
821373
2241604
2393433
559393
2384132
765384
2040921
02400529
2182061
765384
406988
2150328
2414805
765384
02151138
80012474
80000111
80000083
80068809
02346486
02451239
02422549
02365197
80000083
765384
765384
2237726
02245911
80003210
2172909
2040875
765384
01967932
765384
2425610
00893749
2379279

2528991
80071439
80129143
80016965
2321696
80007620
2409291
00026808
2412950
00039365
02294583
02287072
00017841
02443937
02496941
2457741
2150328
02339927
02171228
02360594
765384
2040905
80016965
765384
80012474
765384
80068809
406988
00532479
2412942
2265540
02255316
406988
765384
02245911
02045710
2457741
2521156
02243796
765384
80055579
80002617
80007062
765384
80001336

765384
80006299
80016965
80003210
80068809
2477882
2408872
2423596
02381176
02424401
02326795
02377934
2241634
2403587
00790419
765384
2150328
02070979
2244393
00021695
02318164
02171228
02162822
02346486
2493373
02471469
765384
02239941
80000083
80016965
765384
02243796
2456311
2374757
2434652
80068809
406988
80002617
80000011
2150328
80000834
2172909
00426849
02162822
02351420
02530708
02331675
406988
765384
80021855
80002333
00532479
765384
406988
00712507
02377934

2328070

02350750
00514012
765384
406988
2407485
2438917
2381478
2406330
2237726
765384
765384
80007620
765384
80000111
2406020
2512491
2422646
2457776
2550776
2481685
2237726
406988
406988
765384
80000834
80007620
406988
80068809
02231621
02231493
2467860
02471469
406988
80021855
765384
00532479
00668184
00012289
2438917
02503271
00010308
00010308
2509415
00397423
2291142
02403595
2040905

02238671
2248570
2534681
02377934
02326795
02381176
02351064
02162822
02245911
406988
765384
122823
80011612
02467860
02244353
2150328
02162822
02309858
02381176
765384
02496941
02171228
02346486
02422549
2150328
2362406
2438917
02503271
02243796
02504987
406988
80021855

02379317
00710113
80015442
80083109
2150867
2172909
765384
00013560
80021855
02238004
02236958
2536161
2448602
2297302
02284847
02381176
02357682
00010413
02282445
2241634
2237726
765384
2172909
80068809
2381478
765384
406988
765384
80083109
2040905
2172909
2150328
425362
2176955
765384
80068809
80007620
02503271
2534681
02243796
765384
80021855
80000083
2457997
80068809
2416549
2248106
2172097
2451239
406988
2241634
765384
406988
80083109
765384
765384
80000083
80068809
80006299
02172909
80002333
80083109
00532479
00266086
00532479
406988
80049309
80068809
406988
559393
80003210
2040905
765384
2438917
2481863
765384
02231214
80012474
406988
80068809
02318652
02360594
2438917
00397423
02504987
2315955
2454351
80068809
765384
765384
80057587
02479877
02339927
02381176
2434652
02351072
2409291
2285169
02504987
02381176
2407485
80006299
80021855
765384
2331624
2244291
2441888
2245669
771376
2458640
2438917
765384
2403587
80034798
2172909
80068355
80068809
80061769
80068809
765384
765384
2241634
406988
80003210
00397423
2150328
2438917
00012289
80068809
765384
765384
00828793
02381176
02316986
2341093
2379279
02339927
406988
02238123
2524465
2322498
765384
80003210
80000269
80039378
02519127
80021855
765384
80003210
2321696
02496941
00360252
02162822
02171228
00513962
02282445
2325462
80012580
80021855
765384
406988
80060413
80000286
02151588
559393
1933531
2150328
2321696
765384
80012474
02518732
2409291
02244353
02467860
02471469
02422549
02381176
1911902
00037613
2357399
02496941
00851779
02424126
80000083
80012474
80021855
765384
406988
00532479
765384
02443937
765384
406988
765384
80068809
765384
2534681
02450054

80063083
00828793
02381176
02503271
425362
765384
559393
80016965
765384
2484218
2481677
02316986
02381176
80002333
765384
02321556
02427168
2243588
80087649
406988
406988
80000111
765384
80012474
2150328
2457741
765384
406988
80000111
80021855
2487713
765384
02252279
02535106
406988
2500582
02232474
80001336
80068809
80021855
02245389
80061769
00294322
02381176
02252279

80068809

406988
80068809
80012474
02471469
2284383
2470225
02378523
02171228
02242987
02497581
765384
2145421
2409291
02394839
02366940
80068809
80068809
2172909
2512963
2405474
80003210
765384
406988
02255316
326844
02445875
765384
80000111
02245911
80002333
80003210
765384
80057587
80061769
80014458
02287072
80068809
80000083
406988
765384
309702
02435462
02524856
02530708
2494418
2443937
765384
406988
80079321
80001088
2438917
2481677
80001088
02461536
80003210
80002333
2521156
02427168
80002333
765384
00319341
2237726
80003210
80057587
406988
2406020
02239941
02385449
2381478
02248752
2481677
00021695
02170671
00426849
2518821

80002333
2525569
2301075
00179930
80068809
2407442
02426811
2457741
02496941
2303027
00224774
00004456
02443937
396788
2444844
02162822
02339927
2446928
2518821
765384
02236958
2393433
02471469
2321696
765384
80083109
80068809
80021855
765384
2172100
2171228
2412969
2431637
80083109
765384
2444186
2245669
80021855
02388944
2285169
02381176
00360279
80002333
765384
2246083
80083109
765384
02381176
02309122
2150328
80068809
765384
80003210
80021855
02326795
02441853
02171228
2240910
765384
80001336
80068809
80063083
2297574
02471469
02245911
80012474
2172089
2422646
2401150
2238796
2248571
765384
02243649
2494051
765384
02479877
2363399
02441853
765384
00532479
00532479
765384
406988
80021855
02172909
765384
2172909
406988
80003210
2241804
00712507
765384
406988
02432331
80037403
765384
2280159
80021855
765384
80012474
02471469
02385341
80068809
80003210
80031154
02239941
872334
02223546
2040875
765384
80068809
80039378
2248103
02309858
2409291
02326795
00828793
02170671
02171228
2519348
2481677
00426849
2150328
80068809
80021855
765384
80083109
80003210
765384
80063083
2172909
80083109
80021855
2040921
765384
765384
2241634
02424126
02503271
2285169
406988
80057587
297666
765384
2172909
80068809
80068809
02229620
80068809
80016965
02381176
406988
765384
2150328
00532479
80068809
765384
80083109
765384
80068809
80021855
80002333
02172909
80012474
02479877
02503271
406988
765384
80000834
80068809
765384
80083109
80002333
80000111
765384
2294745
80003210
765384
80000269
80068809
2231329
2355043
00532479
02162822
2481677
02326795
00828793
02381176
00294322
2027887
02348888
2237726
80010384
765384
2040921
80063083
765384
765384
406988
765384
02503271
02255316
2457741
765384
80021855
80063083
80007620
80012474
02239941
02219492
2449838
2247162
2362406
80068809
765384
80002333
02162822
02381176
02255316
02287072
02326795
80012474
80083109
765384
80021855
02471469
406988
02289261
765384
80000083

80061769
765384
765384
02426811
02162822
2481677
02284723
00397423

2245247
2457741
80083109
765384
80012474
80001336
80007620
80068809

765384
2471469
297666
80003210
80068809
406988
80057587
2172909
2241634
00793167
80001336
80044606
80012474
80083109
80002333
80068809
80000111
406988
765384
80068809
02471469
80007620
406988
765384
455377
02427168
00294322
02321556
02381176
02402874
80003210
80016965
02425483
02381176
00294322
02287072
02162822
80124085
02443937
02172909
765384
2150328
02441853
00740748
406988
02248743
80021855
02346486
2483300
02333856
2412950
02274906
02229620
406988
765384
2244291
2238703
80000111
765384
80068809
02023865
80021855
765384
2150328
406988
765384
326844
02255316
2425610
2234502
2244016
02365197
02326795
02346486
2150328
80000022
02248743
80021855
02229620
765384
80068809
455377
80002546
297666
00532479
02439913
765384
2176955
80000269
02503271
2457741
2040921
02171228
2265540
2243796
00294322
02377934
02351420
02326795
02238465
80001336
80006299
80068809
02156512
02171228
80068809
765384
80068809
80012474
80007620
80012474
80000111
80068809
80001336
406988
02443937
2448599
80016965
80000834

80000111
80126615
334073
765384
554987
334081
334049
80068809
406988
122645
407011
80000834
80037616

455377
80021855
765384
80009878
80002617
80029721
80113017
02339927
406988
02520303
2341093
80001336
02248743
02172909
80061769
02479877
2457741
02321556
02255316
2327856
80068809
765384
80068809
02381176
2401150
2494051
02326450
80006299
00532479
2172909
80013321
80007372
80001336

02248743
80021855
80068809
80057587
455377
765384
80068809
00016039
02424029
02241332
02503271
765384
406988
80068809
765384
80021855
02381176
406988
2241634
2481677
02162822
2438925
2321696
765384
80068809
406988
02049732
80000111
00319341
2481677
2457741
2449838
2150328
765384
80003210
2229250
2265540
80068809
80083109
765384
406988
80002333
80039378
80068809
02360594
02381176
2401150
2534681
00790419
765384
406988
02381176
80068809
80078452
80061769
406988
765384
80003210
2294745
02443937
02360594
2481677
2341093
80009878
406988
02247479
765384
2126222
2322498
02441098
2412950

2226839
2245669
2555263
02070979
02443066
02238052
02343010
02346486
02231150
2481677
2362406
02238671
474517
2150328
80008925
80083109
765384
2040921
80002617
80001219
80021855
2172909
765384
8002617
765384
406988
318973
02237726
1945157
02155907
2339099
02384299
2438917
80016965
80002333
765384
00294322
02450054
00828793
02535106
02381176
80021855
2321696
80002617
765384
80125482
2477963
2518015
80003210
80068809
80003966
80003210
80068809
80000269
2512475
02162822
02471469
80068809
2237726
406988
765384
2403587
02243796
80083109
765384
80014401
765384
02343541
2438917
406988
80068809
2481677
02381176
2315947
2449838
2341093
02360594
2287390
02504987
80042636
02371146
02045710
80000082
406988
765384
765384
00062812
80021855
2480859
02443937
2479842
80002333
80000022
80068809
02479877
2438917
02479877

2383187
02524856
02388944
02162822
2362406
02246362
80007620
2434652
2247162
2237726
765384
80068809
2241634
80068809
80021855
80003210
80000083
765384
406988
80068809
80068809
765384
02324776
02170671
00426849
2457741
02255316
2285169
02427168
610623
02467860
2471469
02171228
80046175
406988
80003319
02172909
02171228
02298589
80021855
80007620
406988
02241689
02350750
2239698
2239698
2438917
2422212
02458144
765384
765384

80043454
80077254
80021855
765384
2040921
80003210
00532479
00793167
765384
02384299
2412977
02223600
2451239
02284847
00010405
80003210
80068809
2297574
00294322
2362406
406988
02049732
80012474
00532479
2241634
80068809
80009878
80003210
2040921
80068809
2248570
80003210
80068809
765384
02171228
2245385
00790419
02471469
80002333
80015993
80021855
765384
02172909
765384
455377
00532479
00023795
00353914
765384
02172909
80012474
765384
02409399
765384
765384
80068809
765384
80021855
80012474
80083109
2451239
765384
80000083
02449935
80064047
765384
02320916
00006149
00359718
80000083
80068809
765384
80012474
80021855
02171228
02239941
02360594
00481815
2241634
80007620
80068809
2241497
559393
80068809
765384
406988
765384
80021855
80068809
80009878
2533049
765384
765384
02432919
02171228
02346486
02388790
00397423
2303671
00790419
2150328
02467860
2471469
80068809
765384
80039378
2176955
80003210
80021855
80015552
2522861
00532479
765384
2409291
02388944
2438917
2341093
02422549
2287390
2245385
2403587
2467860
02244353
2471469
80021855
406988
2237726
2352419
80068809
765384
80068809
80024752
02414759
765384
406988
00532479
80083109
02248743
765384
00668184
765384
80057587
406988
2040921
2176955
2525615
80003210
02240743
2534835
02284804
2438917
02243796
765384
2237726
26123
02282445
02239815
80068809
765384
02236927
02045710
765384
80021855
765384
80003210
765384
80068809
765384
80043454
80002617
02151588
765384
80033505
02317559
406988
765384
00532479
02172909
765384
2176955
02349191
02284723
02284847
02282445
2286610
02388944
2412950
02424401
2493578
02517329
00011916
2446561
02344858
00016322
765384
02441853
2241634
406988
2040875
80068809
559393

2242303
2172909
02453754
765384
765384
1933531
2237793
80000111
2464012
406988
765384
2040921
2172909
80007620
2528991
02424126
2438917
406988
765384
2435381
2461692
2426471
406988
02172909
8002617
765384
80000111
765384
02424401
2456451
765384
02260565
765384
80068809
80000834
02401843
02255316
2457741
02422549
80068809
80083109
2341093
2304317
2443449
00294322
02238123
2457741
80068809
02376946
02379988
02309858
02171228
765384
02243925
80068809
02441829
80068809
765384
80068809
2150328
2231462
2245523
2412950
2434652
2449838
2518015
80068809
02246942
406988
765384
02238671
00397423
2408872
80030004
80071981
2412977
02533316
93068
02317893
02241332
80068809
80021855
765384
406988
80000389
80126996
2040921
765384
2172909
02462486
2321696
80103207
122823
80003210
765384
406988
2438917
02424401
406988
02309858
2024187
2241634
2304317
765384
406988
80016965
80002617
02504987
2477963
02441853
2363399
02424126
02376946
2515970
80068809
765384
559393
2251515
02360594
02381176
02284383
765384
00668184
80068809
80002617
80039378
765384
80012474
765384
80021855
80068809
80000111
2280159
80068809
765384
80003342
765384
80059174
80068809
02243796
02377934
765384
80002333
80068809
318973
297666
2040921
80057587
00026808
00028606
559393
00548375
02384299
00519286
80000111
02240743
80083109
80021855
765384
455377
02324776
00514012
80038255
02298155
02321114
2321696
02233758
80007620
00017841
02381176
02171228
02273969
02343010
01924516
80068809
80015993
80071134
02248743
2172909
765384

2241634
80068809
02424401
02516187
80046175
02247732
02381176
02238671
2414570
765384
02172909
406988
765384
80003210
80078968
2040905
02248967
02388944
02326795
02385813
02346486
2248570
02284669
2245822

02504987
2440644
02529033
2481677
2409291
765384
02381176
2414570
80003210
80006299
00712507
80021855
02184788
80036372
2363399
80068809
80068809
02439026
80047144
80003210
80000083
2341093
02381176
2436841
765384
406988
765384
80002333
765384
80068809

02236958
2467860
2229705
765384
02365197
02346486
80068809

80068809
765384
80002333
80108169
765384
80083109
02256290
406988
80003210
80068809
765384
80003210
455377
80068809

406988
80068809
2265540
02277263
765384
80083109
02229620
406988
2275090
2248503
2262746
02282445
00603791
2484218
2304317
02388944
02339927
765384
80012474
80021855
765384
2040905
80002546
2379279
02503271
02518732
2457741
2040921
02248743
765384
02546019
80068809
80000111
02443937
02471469
765384
00039365
2443937
80083109
2040905
80061769
765384
80003210
80044606
80083109
00545031
02415208
765384
80021855
406988
2446928
2443937
765384
455377
80004529
765384
406988
2040875
80001336
406988
80083109
765384
02487381
765384
406988
00021431
02237688
2150328
02377934
02443937
02162822
02381176
80021855
765384
406988
02385449
02245911
765384
2440628
2438275
2237726
80057587
407011
765384
406988
80068809
02351439
02303922
02443449
02454645
2321696
80006296
406988
02231162
00504874
765384
80007620
765384
80070693
2432927
80002333
80016965
765384
80068809
765384
00179957
02357798
02439026
02237556
765384
2446944
02435462
80068809
406988
765384
80001336
80021855
2048965
765384
455377
122823
2241634
80071783
80002617
396788
02245386
02435381
02442434
80094385
765384
80009878
80002333
02236297
407011
122645
406988
2521156
80002546
80015552
80068809
2213192
80021855
765384
80000111
00693502
80083109
80051969
765384
765384
441619
2326450
80068809
765384
80002333
765384
80043658
2024217
2245385
02268418
2150328
02162822
00294322
2265540
02252279

2238123
02309858
2341093
02224690
02365197
02443937
455377
765384
80003210
80083109
80021855
2393433
765384
80002546
80068809
406988
02245911
765384
2176955
80083109
765384
02309858
02171228
2456621
02468948
80002333
80068809
406988
80083109
406988
765384
2470683
80021855
765384
00532479
2438917
02309858
2362406
02321556
02326795
02388944
2150328
765384
02443937
80021855
80004546
80006299
765384
559393
765384
80068809
00532479
765384
80002333
80016288
765384
02243649
02360594
2243880
2301733
80068809
2040921
80021855
80003210
80017620
406988
2182823
02244993
80001088
80068809
80007620
80057587
80000111
406988
80021855
765384
80057587
2241634
80018565
80076598
80075159
80021693
80001088


80033996

80021855
80068809
02245911
80021855
2150328
02229620
765384
406988
02245911
765384
80016965
2518821
02443937
80021855
406988
765384
80002333
2385619
02326450
00402680
2321696
765384
2443937
406988
765384
2412691
02326795
2481308
2265540
02450054
2347342
765384
02284804
02348772
80078274
02172909
80002546
80000111
2521156
80066848
02443937
765384
02231162
765384
02164256
559393
2150328
455377
765384
406988
80002546
765384
406988
02443937
02433044
02495562
02461323
02442965
765384
406988
80068809
122645
80025777
765384
80083109
765384

80021855
765384
455377
80002551
2048965
80021855
80002333
2427966
80043120
80021855
765384
00793167
80002333
765384
80002333
765384
406988
80000286
2241614
80043658
455377
765384
80068809
455377
00504874
80083109
2150328
80001336
00532479
80068809
455377
559393
2321696
598194
80003210
80083109
765384
2435470
765384
406988
765384
80068809
765384
80002333
80000111
80021855
765384
02224690
02321556
02443937
02375508
765384
8002617
80068809
80058052
765384
80003192
2150328
765384
02443937
02244993
00426849
80002333
765384
406988
02245911
80000111
00021431
02220172
02402874
02296713
02162822
2182823
80016965
2351218
02172909
00021679
741183
741183
02435411
80024232
80068809
2022133
765384
02213192
02171228
80068809
765384
406988
02236958
80083109
02231214
80083109

02172909
02487403
02447541
02466759
02457865
765384
765384
80021855
80068809
80002546
02245389
406988
80002333
80014401
2040875
80027977
00693502
02493373
02471477
406988
02531410
2438917
02326795
2301733
765384
02245911
765384

00179957
765384
02245911
80068809
80002333
765384
02172909
02151588
80021855
80000286
00712507
02456451
80083109
765384
80002333
80002546
765384
2518058
80068809
02443449
765384
02151588
02243451
80068809
765384
00532479
406988
80068809
765384
80000083
309702
02243649
406988
765384
80068809
765384
80000111
80061808
80071439
02245911
765384
80000083
02435470
80001219
00668184
00504874
02229620
02471477
80021855
765384
406988
2040921
02237920
02248743
02172909
02443945
80068809
02443937
02436175
2466465
02244993
765384
2326957
02457539
02289989
80024658
00532479
80007620
80002333
80068809
80055794
559393
02458667
02443937
765384
80002546
80034282
80021855
406988
00668184
01923420
02467879
02471469
02528932
2527197
02451921
02438275
02470683

2432889
02454130
2387794
765384
80021128
80047274
00693502
80014401
00668184
80005413
02172909
02229851
80076255
80004529

2040921
02233239
00213039
80003670
2435470
2493373
2471469
80068809
2379260
455377
80083109
02245911
80025102
765384
406988
2460548
2241634
02484218
80002333
406988
02049732
80021855
02435462
00021431
02466759
765384
765384
80014401
80002333
80036420
02443937
02245389
406988
765384
80068809
765384
406988
80068809
02049732
765384
80007620
2040921
00283568
02231361
80047412
406988
02443937
2241634
455377
02471469
80068809
765384
80068809
80068809
406988
765384
02351420
02348888
02496941
02346486
80083109
02049732
80055794
765384
406988
02519739
02475804
02446561
765384
80021855
80083109
80068809
02231162

02447541
406988
02466759
02470675
02458640
00532479
765384
80068809
80006299
02454130
2343541
455377
765384
80068809
80068809
80005579
2172909
80083109
80006299
02382644
80002546
406988
02229620
765384
765384
80007620
80068809
80002546
2048965
2240910
80021855
80021855
765384
80007620
02456230
765384
80083109
00532479
765384
80007620
765384
02172909
80061769
80006299
02244993
80007620
2435462
80002333
455377
80083109
765384
80003210
765384
2040875
2480298
80068809
668427
80021855
00532479
00668184
02164256
765384
80014401
80068809
765384
80068809
765384
80002617
406988
297666
765384
80068809
80037019
80007620
765384
00668184
00532479
406988
765384
80021855
00213039
2261952
2456605
765384
00793167
765384
02519534
765384
80021855
80083109
765384
80083109
765384
80002551
80068809
00426849
406988
80001336
80014724
80003210
02435470
406988
00559407
80063083
765384
02172909
80043658
80068809
2406020
2422646
765384
00532479
80021855
765384
02481650
02481634
396788
2458640
02245911
309702
765384
80068809

765384
00532479
406988
765384
2468913
765384
765384
80068809
765384
80083109
80014401
80083109
80021855
765384
02231214
02229620
80043658
80005988
80021693
80003210
02151588
2048965
02244257
80006299
80069493
02230334
765384
80068809
00793167
2321696
765384
00532479
765384
2478374
80083109
80006299
406988
80042491
2321696
02229524

02450054
02381176
80068809
02446928
00028606
2451239
00477133
765384
80021855
455377
02245911
2454130
80021855
80057587
2176955
80031283
80077409
80039378
80075002
80007620
8002617
80001336
765384
2456532
2321696
80028327
765384
80043658
80083109
2343541
765384
2543729
02245911
80083109
765384
765384
441775
2493373
2543192
80002333
2048965
765384
00712507
80068809
80068809
765384
80001219
00094870
2040921
740713
740713
00294322
00021695
02316986
02321556
2481359
2471469
2435381
406988
765384
80068809
765384
765384
80083109
80068809
80024232
2229406
80002333
765384
406988
80012580
455377
765384
2040875
80068809
80031738
80069493
00594431
765384
80003210
782696
765384
406988
02439026
765384
2150328
765384
02229620
00532479
02443937
765384
80021855
80004044
00532479
00668184
80053431
80027886
80067716
80066743
02456575
2493373
406988
80068809
765384
02049694
02049694
765384
455377
406988
02237425
00668184
00426849
00731358
80004529
02184788
2040875
80005413
80014401
80021855
02229851
00332100
80110080
80031738
80059437
80000508
80030393
765384
406988
80015993
80069493
765384
765384
406988
2241634
765384
80083109
80035134
80000022
80016965
80007620
80007620
02229620
80061769
765384
02245911
80002333
02399032
765384
455377
80021855
765384
02231214
02458640
765384
2150328
559393
2481871
2416549
2438925
559393
80007620
765384
80021855
2040875
00693502
765384
00021431
2048965
80002333
406988
80002333
80083109
765384
765384
80083109
80068809
02229620
2493578
2472945
2499401
02454130



80006299
80068809
02172909
80002617
80000022
80007620
2443937
80083109
765384
80052076
02237556
00217158
00021431
80002333
406988
00426849
765384
02231214
02150220
00532479
80064756
700401
2040921
80068809
80003210
80068809
765384
2471027
2280159
80028327
2147831
2103095
2040905
765384
2040921
80004287
2172909
80011830
2176955
80002333
80063083
02026805
2176955
80114523
2040875
765384
80001544
80000022
02245911
80002333
750824
765384
80000286
80006299
02244993
406988
765384
80046669
80001336
80001544
80030034
02151588
80068809
765384
80083109
765384
765384

02436841
2150328
765384
00335053
02238004
80021855
765384
00426849
765384
406988
80007620
80068809
750824
765384
80083109
455377
80025564
02172909
80116907
2272873
2352419
406988
80002546
765384
80003210
2040875
02466759
02231214
80021855
455377
80083109
765384
80002333
02151588
2241634
80002546
80035900
765384
80021855
80083109
02236927
406988
2241634
318973
80007620
80002333
80061769
80083109
00006149

2412950
00545066
2240910
00532479
80000022
2321696
80044606
2321696
765384
406988
326844
2466759
406988
80068809
80021855
765384
406988
00668184
00532479
80061769
80007620
765384
02172909
80021855
765384
2172909
80083109
765384
2040921
8002617
80021855
765384
80000269
2048965
80068809
02049732
406988
765384
80002546
02245389
765384
765384
02519720
765384
2460513
80001219
765384
80068809
2245669
02408872
01945254
02377934
02379317
2245385
2343541
765384
80000111
765384
02439026
00833290
00532479
2172909
406988
02245982
80068809

80002617
80016965
765384
80083109
406988
02184435
2477963
02309858
02258595
765384
80021855
00870218
402788
765384
02229620
02172909
80083109
80000111
00532479
765384
80083109
765384
02240743
765384
80021855
80009136
00477354
2172909
80083109
406988
80083109
02242510
406988
80068809
02245975
8002617
765384
765384
02456591
02471477
765384
80068809
02236927
455377
80035523
297720
765384
80004044
80012474
02231214
80025310
02172909
80119331
80021855
80069493

765384
00668184
00532479
80000111
765384
02524244
765384
765384
80068809
80021855
765384
765384
80083109
765384
80012474
2444844
2443945
2471469
765384
80061769
02456230
80002333
80003210
80068809
80021855
765384
406988
2150328
00426849
80068809
80083109
02236927
80068809
406988
80021855
765384
00693502
406988
80083109
00532479
765384
765384
2534835
80011974
8002617
406988
80007620
02439026
80068809
80000111
2487381
80000022
765384
406988
80021855
02229620
02296713
02449943
02453614
406988
765384
02172909
765384
80021855
406988
80068809


02495562
80024232
80003663
2385643
02316986
02043394
02424401
02450054
02282445
02381176
655740
02516187
765384
2443449
00532479
80083109
80002333
80021855
80001336
00668184
406988
80083109
80006299
80070693
2359502
2040875
765384
2241634
02471469
2549301
02443937
2247724
765384
80083109
02343010
02424401
00236683
02238671

2493578
2451239
80009136
765384
80023605
02229620
00426849
122645
309702
406988
2419866
2437570
80068809

2427966
80057587
406988
765384



406988
80001336
80021855
00179957
80051589
02229620
765384
80083109
00021431
00426849
406988
765384
80083109
00532479

00559407
02284847
80068809
80060109
2412950
765384
02282445
80068809
2379279
02458640
765384
02248192
80001219
80029552
80066318
80083109
00532479
02474522
2383195
2522861
80000372
80007620
80056946
80134126
765384
02236927
765384
80000022
02245911
02229620
02435470
80068809
2149133
02413140
765384
80083109
80083109
765384
80068809
80068809
406988
765384
406988
765384
406988
80083109
765384
02481642
02246734
00833290
80013651
80105882
80083109
80095747
406988
765384
2353687
2150328
80015552
765384
80016965
80009136
80014401
02231903
02229620
80016288
02026805
02326795
00017841
00793167
02441853
80083109
765384
2385813
765384
765384
765384
80007620
765384
80083109
2038218
2458667
765384
2040905
02289288
765384
80083109
00217158
80006299
80000286
765384
80068809
2040921
80083109
02344025
2414570
2271931
02458667
02231214
765384
406988
80000111
80083109
765384
406988
765384
406988
2150328
02443937
559393
765384
02245911
765384
406988
00668184
455377
80021855
765384
00793167
80069493
80006091
00532479
2172909
02512629
765384
80003210
765384
406988
80083109
765384
80000111
80021855
02496380
80016965
765384
80007620
80068809
2458640
406988
765384
80108009
765384
80017620
455377
80002617
765384
406988
2343541
406988
765384
80015993
02309858
02458640
2407442


80002013
80021855
765384
80068809
80043658
80002617
406988
00532479
02246040
00545031
02068400
80068809
765384
02453363
02446928
02244993
765384
406988
2176955
80002059
80026581
80021855
02231214
765384
80006291
02232056
765384
2435381
765384
80000083
2294745
406988
765384
326844
765384
80083109
406988
406988
765384
80083109
80016965
765384
80001336
2516497
406988
80083109
765384
00362166
02519534
02429039
02487381
02495562
02495562
80001336
80000286
00532479
455377
80025868
80002333
765384
00827789
80027193
297666
80011777
2326957
02469308
00362166
80015552
2241634
80068809
80006299
80014724
80024232
80000834
2385465
765384
2150328
1945157
80043658
80111557
80117032
02318164
765384
02326795
2362406
80002333
406988
765384
02446944
02229620
02443937
80000269
80003210
765384
406988
02440342
765384
406988
80083109
80002617
765384
80068809
02454130
02429446
80083109
406988
80006299
2443937
02245389
765384
406988
80000022
02151588
80003210
80016965
406988
80007620

765384
80021855
02231214
765384
2343541
02231214
765384
80021855
80068809
406988
00426849
80068809
80021855
406988
02244993
765384
80000269
80007620
02049732
765384
406988
80083109
80002333
80068809
02172909
765384
80083109
455377
80083109
765384
80068809
02229620
02231214
406988
80000134
80003210
80002333
02244993
765384
765384
80021855
80000022
80016965
2247937
406988
765384
406988
765384
406988
80061769
02469685
765384
80061769
02231214
02171228
765384
406988
765384
00532479
80002617
765384
80068809
80002333
02519534
02240743
80068809
2241634
2241634
80068809
406988
765384
80083109
80001336
2040921
765384
765384
80068809
80083109
26123
765384
02295296
80068809
2531402
02466767
02530716
2370921
653276
2451239
80068809
02049694
765384
02439026
02231214
80001847
00532479
406988
765384
559393
765384
2449838

2414805
2414805
765384
80002333
80068809
406988
765384
2443937
765384
80021855
2322498
2166704
02451239
765384
80049117
765384
80015993
80003210
80000111
80057587


02236927
80009133
765384
765384
80068809
2443937
2326450
80083109
765384
80083109
80068809
765384
406988
02447541
02461323
02495562
80000022
765384
80003210
00532479
80003670
765384
406988
80055794
02381176
02377934
02348772
765384
406988
80002333
80033279
80001336
2048965
02443945
02497603
80028055
80068809
02348772
765384
80083109
00532479
80068809
80006299
00793167
02439026
80006299
00668184
2334763
02451239
765384

765384
80021855
406988
80068809
122823
765384
406988
80016965
02230334
02229620
80068809
80001336
765384
80068809
80003210
765384
80001336
890960
406988
765384
406988
765384
80012861
2419564
406988
765384
765384
80015552
2241634
765384
406988
80006299
80003210
765384
00426849
765384
765384
80083109
765384
2040921
309702
21474
02443406
765384
02230334
02348772
02309858
2285169
02504987
02388944
2265540
02422549
2543184
2407442
00790419
02351420
00545031
02443058
02443937
2040905
02509628
765384
2535998
765384
00668184
80021855
02456230
80070693
80068809
765384
02229620
02240935
00693502
80027977
80083109
00532479
2443937
2474522
765384
406988
00532479
2534681
406988
765384
80041966
80002546
00693502
80021855
80025898

2463741
80068809
765384
2150328
02470683
80002333
80069493
80021781
00217158
00532479
80083109
80000790
02184788
80028197
00668184
80004044
80021855
00426849
406988
02231214
765384
80002387
2176955
80006061
02237425
00554790
80009682
80021855
765384
80083109
2443945
80059709
406988
2435381

406988
80002333
765384
559393
02318164
765384
80068809
406988
80007620
765384
80003210
80015552
2040875
80043454
2524104
80002059
02230311
80021855
455377
80006091
80068809
2241634
02248879
765384
406988
80006299
2172909
80047907
80033763
406988
765384
406988
02236958
765384
80068809
80006299
2399032
765384
2040875
80021855
80002546
765384
80043658
2048965
00217158
80083109
80068809
80006299
80000022
765384
765384
80083109
02245911
80071439
80003210
80068809
765384
80005243
80001336
2172909
2106256
2241634
765384
80002333
2471469
80068809
765384
80021855
8002617
02476576
2385619
765384
765384
2176955
80002333
80068809
00426849
02247911
406988
80016965
2040875
2040921
765384
02172909
2271958
80083109
765384
02230311
559393
80006299
80068809
765384
80021855
406988
80043658

02049732
02231214
765384
02172909
80068809
80078274
80021855
406988
765384
02238806
02467860
02443937
406988
765384
765384
02408570
80050813
02231214
80083109
80002333
02241144
02172909
765384
406988
00532479
80016965
406988
765384
80002333
2321696
765384
765384
406988
80002333
02049732
80021855
80001336
80002546
406988
80006299
80083109
02471469
02436647
02451921
406988
02427206
765384
02435985
00021431
02297574
02443937
80015552
80002333

80021855
02246792
80089177
765384
406988
80094090
80063083
80068809
406988
80006299
2339099
80000111
765384
406988
765384
80060745
02435462
406988
765384
02519534
02466767
02466759
02453630
765384
02495562
80068809
02244993
80002333
80007620
765384
80017035
765384
80068809
80068809
406988
765384
2280159
2434334
2393581
2241634
80002551
80083109
80039378
406988
765384
80120307
455377
80021855
80009878
00532479
02439026
02468573
765384


406988
80068809
80003210
80007620
765384
80017035
80069493
80004334
00682667
80006299
406988
80070693
2040921

2239146
80083109
406988
2436159
765384
80030034
765384
02443945
2301733
765384
80007620
80001336
406988
765384
02231214
80003210
00532479
309702
80071439
80017035
02477009
2150328
02171228
765384
406988
2443945
2508672
765384
02440628
2297477
2318172
2378523
02241497
02435381
02334763
2247686
765384
2172909
80089177
406988
765384
765384
80000022

2321696
80021855
765384
80028197
02244993
02241202
02245911
80068809
80068809
80021855
80022455
406988
80002333
80018311
80083109
765384
2040905
406988
2149133
80083109
80068809
765384
02245911
765384
406988
80021855
02360594
02377233
888524
2040921
80031154
765384
2245385
2241497
02282445
02171228
02528266
02231214
80024386
80009878
80021855
765384
02381176
80068809
80007620
765384
406988
80021855
406988
765384
80016965
00793167

80042240
765384
02490889
02519348
02458268
765384
80068809
80002333
80006299
02439026
00217158
00532479
765384
80006299

765384
02245911
80000111
765384
80070102
80021855
765384
2336715
80000111
2040875
2213192
02162822
02454130
02326795
02365324
2443937
00833290
80006299
80002333
00426849
02440628
406988
00039365
765384
80083109
02309122
02404206
02413612
80002546
80063083
80021855
80070393
02245975
80002059
765384
80014342
02508672
02524864
02443945
02480808
80068809
765384
00668184
80083109
2241634
80024411
02496674
02172909
765384
02049694
765384
02231214
80028197
80083109
406988
80002333
2470675
02436302
00532479
80072333

80021855
02245975
455377
765384
80024833
80004044
80003210
80055794
80068809
765384
80068809
2443937
765384
80068809
765384
02244993
00532479
406988
765384
406988
765384
455377
406988
80021855
80007620
80002059
02194015
2176955
2241634
80021855
80007930
02049694
80002333
765384
80004044
00532479
80083109
765384
2040921
2241634
00731358
2310899
80068809
2241634
80068809
765384
80083109
00426849
80016965
80003210
80001336
00833290
80068809
406988
80083109
765384
80002333
406988
765384
2040875
00426849
765384
406988
80015993
2241634
80021855
765384
02240935
80000111
2040875
80068809
80000834
80106483
80097834
80106320
80029641
80006299
80007620
80021855
406988
765384
80068809
80002333
765384
80021855
02049732
00179957
02245911
455377
80083109
765384
80021855
80007620
02172909
80068809
80021855
765384
2241634
406988
80061769
80006299
2481308
00360279
2248732
441619
02171228
02381176
396788
2357380
02026961
02427168
406988
2436256
2243098
2321696
2321696
80002551
406988
2048965
765384
80063083
2213192
2182815
80068809
2265540
02182815
2237726
80068809
02471469
765384
80068809
80021855
80000022
80001847
80083109
765384
765384
80083109
80001336
80003210
02151588
2524910
80068467
406988
80058205
80009878
765384
02231162
02467860
02443937
455377
02230334
765384
2241634
80061769
765384
80068809
80083109
80016965
80059061
80058052
02237688
80029552
765384
80068809
765384
02453649
80083109
00532479
765384
406988
80069493
455377
80021855
765384
80014401
00668184
00532479
80038609
80023983
80031606
02244993
80083929
406988
559393
02454467
02454130
765384
765384
8002617
00532479
406988
02248692
2487721
00514004
80002617
2040875
80068809
80001336
765384
02229620
00668184
765384
2241634
406988
8002617
80021855
02343541
2246896
80003210
2230653
80026581
765384
2357305
2295261
02429861
765384
02238004
2441888
406988
80007620
122645
406988
80021855
80061769
765384
80016965
80043658
2437988
80021855
765384
02172909
406988
455377
80026948
80006299
00039365
80021855
80001336
80002333
80083109
2241634
80083109
02068117
80004260
80016965
02474522
80002546
765384
765384
80021693
02439026
765384

2449838
02309858
80068809
765384
406988
80083109
765384
406988
80021855
765384
02244993
765384
02245911
765384
2040875
80028197
80083109
765384
406988
02231008
02310899
02480859
765384
80068809
2475820
80068809
2176955
765384
765384
02151588
80021855
80021855
765384
02510839
80016415
02240520
765384
80068809
80016965
2241634
21288
765384
2040905
1945157
80023605
02151588
2150328
455377
80002333
02443856
406988
765384
80083109
80003210
765384
406988
80068809
765384
2040905
02236958
80000286
02230334
455377
80000286
765384
80068809
02504472
2248296
80083109
765384
02443937
765384
80083109
02435411
122823
765384
80021855
406988
765384
80006299
406988
80021855
80083109
765384
80001336
80000286
80068809
02231214
02229620
2040875
765384
80021855
2456230
80002617
406988
765384
765384
2172909
80060413
2376016
00426849
00532479
455377
02456605
80002432
02245911
80083109
80000111
765384
02493268
80068809
80083109
765384
765384
80083109
2241634
02279657
80068809
765384
80068809
80021855
765384
406988
406988
02049694
765384
80021855
80000111
00504874
02443058
765384
00668184
2242303
02172909
80003210
00793167
2237618
80055579
765384
02471469
765384
2100622
2150328
765384
02231214
80021855
80001336
80002333
80002546
00021431
80000111
80061769
765384
2040875
02518058
765384
80007620
765384
80021855
02231214
00532479
80002333
765384
406988
80021855
765384
765384
2467860
80068809
80002333
00712507
80003210
80000083
765384

80003210
765384
2040875

765384
455377
00532479
122823
80055794
00179957
80025201
80067448
80070693
02439026
80083109
80037933
80018564
80033538
2176955
80068809
80022951
80068809
80021855
765384
80000022
80002333
80000111
80021855
765384
406988
80068809
02275538
02458640
00532479
02443937

2439786
2229453

80021855
02248879
765384
406988
2040875
406988
02300524
406988
02510219
765384
2142058
2301733
765384
2419556
2407485
80021855
80009136
80036764
02049694
80016288
80009878
02229620
406988
80068809
2172909
02435470
765384
02471477
02171228
02381176
765384
80000286
80002333
80058052
80002617
765384
02245911
765384
765384
2310899
80068809
80003210
80082827
765384
406988
00504874
02237425
80021855
80002546
02443937
02229620
406988
765384
80021855

2321696
80002333
80043658
765384
00532479
80083109
80068809
765384
00532479
02240935
00559407
80003210
80016965
80006299
80062260
765384
02248192
80021855
80004529
80057587
80070693
80025201
297666
765384
80057587
80068809
765384
2241634
80083109
02244993
80028055
765384
755826
02245860
80068809
80002546
765384
765384
80002333
02471469
02443937
2493373
80068809
765384
80000022
80009136
02471469
02446928
02487403
02520303
02245389
80002551
2048965
2231150
80068809
80000022
406988
765384
80068809
80069493
00532479
00712507
765384
765384
00668184
00532479
00504874
765384
406988
80021855
80083109
406988
80016965
2285169
2247162
02282445
2533057
2241634
80068809
2176955
80003210
2443937
00532479
765384
80016965
80068809
765384
80021855
02481642
406988
02439328
02443945
02416808
02480808
02470675
80000131
00647039
765384
406988
80016965
80021855
80068809
80031630
80000203
80036908
80068809
80061806
2172909
80007366
80031243

80024670
80068809
765384
80004044
00693502
02229620
00532479
765384
406988
80000111
80061769
2150328
549657
765384
80083109
80068809
80000022
765384
765384
455377
80083109
559393
559393
765384
02466147
2150328
02303922
765384
80021855
02479834

02245389
765384
2241634

765384
2458640
02233239
80068809
02236297
765384
406988
02471469
80024232
00426849
406988
122645
00532479
80021855
765384
80021855
765384
80021855
80007620
80023804
80021855
765384
00532479
80039079
00545031
02466767
02487403
406988
80009595
765384
765384
80016965
00532479
765384
80083109
02470691
02466147
02458667
02467887
80068809
80021855
80021855
765384
2265540
02162822
2349167
02248752
02396327
2481677
2237726
80068809
80069493
80068809
2301733
2493373
02415992
80083109
80091504
406988
80068809
765384
80021855
455377
765384
406988
455377
765384
765384
80068809
80003210
02470446
02520303
2040921
406988
80021855
765384
02446936
02443937
02461331
02471477
80007620
80068809
765384
406988
2443945
765384
80007620
765384
406988
80016965
02239815
80068809
80003210
80083109
00426849
765384
406988
02471469
455377
00532479
765384
02049732
2150328
80003210
406988
80021855
80000674
765384
765384
406988
02172909
2266008
00231169
02348772

80083109
00532479
765384
406988
80068809
765384
80021855
765384
02526581
80068809
80002333
2456605
406988
2471469
2248732
406988
2241634
80007620
765384
80009747
2240588
396788
2150328
2341093
406988
00514535
2247162
80083109
2370921
88840015
765384
559393
02443937
02443937
02471469
00217158

455377
765384
80021855
80068809
02467860
02471469
653276
80068809
02245389
80006299
2467860
2471469
2244353
2536161
765384
80068809
80006299
80068809
02408570
02471469
80016965
02443937
406988
406988
00179957
2040875
80083109
765384
80004529
80068809
406988
765384
559393
80000111
80007620
02251558
2275082
406988
765384
80071439
80061769
80068809
00693502
80006299
406988
80049309
80007620
02245911
559393
80061769
765384
80002333
2040875
765384
80002546
765384
02525267
2443406
2443937
80095550
80009878
765384
80006091
80100445
559393
02435470
80034018
80005898
765384
02229620
80003210
80123928
80021855
80000011
02236297
406988
2040905
825638
80070693
80015674

80114147

80012062
2310899
02506297
02443945
765384
406988
2150328
02479834
80068809
765384
80083109
765384
765384
02172909
80061769
80008383
765384
80068809
2243919
80016965
02229620
765384
00532479
80002546
765384
406988
80002333
2451239
2265540
02296713
2243588
02282445
02236951
02248088
2150328
765384
80068809
02049732
80003210
80003210
80083109
02459965
02466147
02443937
02461331
80021855
80068809
80006255
598194
765384
406988
2230713
765384
2024187
2471469
02465612
765384
765384
00532479
406988
559393
2280159
80016965
765384
02244993
02245911
80068809
765384
2436256
2435462
2507366
765384
406988
02443066
00712507
02237688
80021855
765384
406988
2172909
02172909
2523795
02443937
02162822
2150328
406988
2458640
765384
02247909
80000111
765384
80021855
00668184
765384
00532479
2443937
765384
2458659
02466759
765384
2242908
653276
765384
406988
02443937
80006299
80006299
80009136
80045639
2325764
765384
406988
80068809
80021855
765384
00532479
765384
2176955
406988
765384
80037324
80002333
122823
80003210
765384
02525070
02445077
406988
765384
765384
80068809
765384
80000111
80021855
80048856
2231017
2467860
2471469
406988
122645
765384
80026665
80055412
396125
2376016
80068809
765384
80016288
02245911
765384
80068809
80016965
765384
406988
406988
765384
2535998
765384
80068809
80031738
80012474
80021855
80006299
02230334
80007272
80021269
80002671
2241634
2435470
80002333
765384
80021855
02388901
02493268
80003663
765384
80068809
2321696
2040905
765384
80021855
2480808
02162822
2506696
80021855
765384
354309
2245185
254142
2521156
2362171
80016965
2238867
2444275
02184788
2241634
765384
02326795
01900978
765384
406988
02172909
80001810
2443066
2379279
2162784
122823
80049309
80068809
2443937
02244993

80016965
02049732
02477777
02487454
765384
80021855
80068809
2172909
02184788
765384
00712507
00668184
765384
765384
80002333
2150328
8002617
80016965
765384
02382644
02435462
765384
455377
406988
00532479
00668184
741183
00010332
2233055
02422549
02192748
02123274
2265540
02243237
02175983
765384
80083109
00532479
80002333
2286610
382825
326844
765384
2446936
2539640
2238998
80021855
765384
02443406
80083109
406988
765384
80068809
80068809
80021855
765384
02229453
02454416
765384
02443937
02471477
80083109
80003210
406988
765384
2443945
2471469
765384
80083109
2412691
02443937
02471469
765384
406988
765384
80083109
80068809
765384
02453614
02469677
80021855
765384
00532479
02516187

02451239
00179957
2456532
80021855
02422980
80068809
02151588
80078274
765384
80007620
765384
80083109
00532479
765384
2172909
2443937
765384
80002546
80006299
406988
80007620
122645
406988
80083109
765384
80002333
00532479
80068809
2419866
2341093

765384
80083109
80009878
80002059
80057587
80000111
2379287
02242219
765384
80004529
765384
02049694
765384
2457741
02243451
02245911
80029767
80068809
02467860
406988
2321696
02465124
765384
406988
80002333
00532479
02172909
402788
80031154
80000022
80001847
80021855
00693502
80068809
02296713
02443937
80068809
765384
02244993
02243919
406988
00017841
02473569
406988
2040875
00793167

2241634
2242303
80002333
765384
406988
765384
80002333
2241634
80024411
765384
406988
80021855
765384
80068809
00712507
80038005
80029336
80002333
765384
2449943
00693502
407011
80021855
00532479
80021855
765384
02439026
00426849
765384
455377
765384
80013321
80003210
80068809
2443937
02461331
02471469
02512629
765384
80021855
765384
00668184
765384
80000286
80039079
80021880
80044606
80002333
765384
2240910
2415992
80083109
2040875
765384
2241634
02466147
02493268
765384
80083109
406988
80017035
2040905
765384
2408570
2429330
406988
765384
00283568
406988
80003210
80009133
765384
80000111
80001544
80015630
80002546
80024543
80003210
80081366
80068809
2510626
80007620
02413469
02534150
02441853
765384
406988
2493578

80003210
02229620
80014401
122645
406988
80104537
80009878
80068809
80021855
80056749
02518058
2471876
00693502
02184788
80002333
80021855
765384
80078274
765384
02247911
80000134
02172909
80000111
00532479
02471469
02423596
80039373
80006299
406988
80068809
406988
765384
765384
406988
2451239
2493578
2451239
297720
406988
80068809
80068809
00332100
80045949
80021855
8002617


80021737
2176955
80014724
80039646
80001336

2040921
80003210

2172909
80016965
80068809
80068809

02241332
2493578
02421712
2246820
2297493
406988
2310899

02443937
2295121
2486733
765384
2297795
406988
455377
80021855
80068809
80003210
80002546
80083109
765384
406988
765384
2040875
80068809
765384
00532479
765384
02466759
765384
406988
02313707
406988
80006299
02496496
02245126
80002333
00532479
765384
02435381
80083109
406988
765384
80009136
2434725
2503611
406988
765384
80001336
02245911
2150328
765384
406988
80001336
80083109
80021855
765384
2237726
2240910
2245662
2321696
80068809
765384
455377
02233239
80002333
80001336
2040875
765384
02172909
00712507
02430126
02443937
80021855
02475812
765384
406988
02229620
80000022
765384
00514012
2172909
2443937
765384
406988
00693502
80021855
765384
00532479
80060745
80005413
765384
80021855
02172909
80068809
02245911
559393
02423863
02439948
765384
80024386
80031885
80076066
80027830
80010989
80083109
80021855
765384
80002551
80002617
406988
02245911
80083109
765384
765384
00793167
80068809
765384
80083109
2242907
80002333
02443937
02450291
765384
455377
2040921
80068809
02237425
80009878
02241144
80000286
00668184
80012029
02231214
00693502
80021855
80000269
80002333
80083109
765384
02172909
80056447
80015993
80002333
80016965
80016965
455377
80037728
80025268
80000009
80083109
406988
80071918
765384
02279983
80007620
02151588
80068809
765384
455377
80021855
02231214
80083109
00668184
02151588
80061769
02318164
765384
2455889
00712507
765384
80006299
80021855
765384
80000083
80003210
2415305
2343541
80007620
765384
02495155
02171228
765384
80068809
02462486
00426849
80003210
02443937
02446936
02246734
80083109
80016683
765384
80068809
765384
2040875
80002333
80083109
765384
765384
406988
2040921
80039378
80002617
2172909
02432919
80055794
80068809
00693502
80083109
80068809
80083109
02245975
765384
406988
80068809
80004529
765384
80000111
80002333
2540886
80057587
406988
765384
765384
765384
80068809
80002333
80035293
00668184
02460920
559393
765384
00154032
02423855
02471442
02446944
02466759
02429454
02435470
406988
765384
559393
80001336
2432889
765384
406988
765384
02229620
80030034
80021855
2150328
80007620
80068809
765384
80083109
80057587
80016965
80071439
80061769
80007620
80006299

765384
02245389
00532479
765384
80068809
406988
765384
80021855
80000111
80083109
02049732
765384
2497611
765384
80003210
80006337
80078274

80043658
80007620
765384
406988
2463121
80021855
02240134
122645
80078860
765384
406988
297666
80039026
554987
80000890
02466465
02435845
80025339
80012207
80006939
120030
80016965
02172909
309702
765384

765384
2471469
2040905
765384
80002617
02468573

80068809
02237556
80021855
2040875
765384
02231214
00559407
00608165
80002333
80068809
80068809
455377
765384
02151588
765384
765384
80083109
02229620
406988
80006299
80001336
02151588
80068809
765384
765384
406988
80015993
80071439
80016965
765384

80021855
765384
765384
2443945
765384
80007620
02172909
80002333
02429047
765384
80003210
2176955
765384
80096013
765384
80000269
765384
80002333
80083109
2275074
02171228
02375508
765384
80018683
80016965
80009761
406988
765384
80058090
2040875
80083109
80017035
2522888
2172909
2452979
80068809
80000111
80083109
765384
406988
02404206
2123274
2443937
765384
02318164
559393
80061769
2289164
765384
80016845
559393
80009136
02049732
765384
00668184
00179957
2456869
80006299
80021855
00532479
80000009
80021855
80083109
02229620
80009878
406988
80006091
02151588
80108009
00179957
80078784
80068809
02240785
80068809
80006299
80021855
80002596
406988
765384

02245911
80068809
00532479
80006299
80021855
80000111
406988
765384
80003210
80037933
80025102
80021855
80039378
80069493
02244257
765384
80068809
80007620
80068809
80083109
765384
80002333
80000111
2461692
80021855
765384
02245911
80000286
765384
80083109
00532479
559393
02443414
80000022
02240743
80068809
765384
406988
80068809
406988
80016965
455377
80021855
02231214
765384
80068809
2040875
80043658
80002333
00693502
02236927
80002546
80016965
765384
80083109
80021855
765384
765384
406988
80002617
02172909

2321696
2534681
765384
02172909
765384
765384
80021855
80073274
02443937
02471469
02429063
765384
00532479
2531577
765384
80021855

80068809
765384
2172909
765384
80083109
2354551
2303671
2241634
02248192
80018564
80000241
2040905
406988
80003210
765384
122823
80068809
80090051
02470411
2541327
02151588
455377
80028197
765384
80068809
2458640
80000079
80002333
80068809
765384
2541041
02437899
765384
765384
80083109
80007620
765384

80030378
765384
406988
80063083
765384
406988
00793167
80083109

00668184
80068809
765384
455377
80083109
02446057
02248879
406988
765384
80068809
2280159
765384
80083109
80009136
2321696
559393
765384
80083109
2472945
2493578
02471469
765384
406988
80002617
80021855
02245975
765384
02231214
406988
00426849
80083109
02435381
765384
406988
80000111
80107098
765384
2456451
80068809
765384
80021855
80003210
406988
2040921
2509415
80007620
80015280
80068809
765384
80068809
80083109
80068809
765384

80002333
80021855
00532479
765384
02229620
80002546
80039079
80068809
80068809
00668184
765384
80039378
80006299
00532479
406988
765384
80021855
455377
406988
765384
80002333
80000269
406988
00712507
765384
80000286
80002333
80043658
02245911
23949
2269198
02244993
80068809
2040875
765384
80007620
2443937
2548089
2453800
2477963
2343541
80068809
80083109
765384
02245911
80068809
765384
406988
765384
80083109
80002546
80000111
765384
80057196
02231214
80002333
80002551
02318164
406988
765384
80057587
80063083
80052076
80016965
80007620
02443937
2242303
80001544
765384
80068809
80002333
2172909
2241634
2040875
765384
80068809
80002333
80000269
765384
765384
2048965
765384
406988
00179957
02171228
02381176
80039378
80034798
80000795
406988
765384
2040875
02245911
80002333
02468948
80071439
00532479
2040905
1933531
765384
80061769
80002333
00793167
00532479
80006299
406988
765384
00532479
80003210
765384
80021855
765384
80000286
02244993
80068809
80015552
765384
2458659
765384
406988
765384
80002546
406988
00532479
80007620
2040875
80000111
765384
80068809
80021855
406988
80006299
02467860
80002333
765384
80021855
406988
80068809
80021855
765384
80082116
02167530
406988
02244993
80082827
765384
80068809
406988
80068809
80000111
559393
80007620
765384
80043658
80016288
406988
80063083
80043662
00017841

02231214
406988
80021855
765384
00179957
2438917
02475804
80021855
765384
00712507
00668184
406988
80021855
765384
00426849
00793167
765384

80021855
80029336
2471469
559393
80068809
406988
765384
80021855
02247479
02229620
765384
80007620
2315955
80068809
02049732
02239815
80007620
2341093
01967932
765384
406988
765384
80068809
80038609
406988
765384
765384
80002333
00532479
80083109
2423413
80068809
80083109
80004529
80021855
2143445
406988
80000241
765384
80004044
80007620
765384
02525178
80021855
765384
02241144
80001847
80068809
80002333
80007620
765384
2172909
80068809
2150328
765384
80021855
80021855
765384
02172909
782696
80021855
2040905
02172909
2040921
02443414
80068809
406988
80021855
765384
00532479
80088396
02161192
02172909
80104769
80049962
02232056
80021855
765384
80068809
80000269
406988
765384
80068809
02394839
80021855
80006299
80003210
80068809
406988
80083109
2241634
765384
80003210
02433044
00031097
02495562
02479877
02456575
765384
406988
02471477
02467860
765384
2472945
00426849
80068809
80083109
765384
00217158
80005413
80076034
80034312
02172909
2241634
2172909
00039365
765384
80024482
765384
80061769
02470683
02408570

02503158
02443422
02408570
02455609
765384
02245911
80000269
80007620
2241634
455377
80021855
80007620
765384
02240743
02495600

425362
80068809
80028197
765384
80021855
02232056
80006299
80006299
559393
765384
02229620
80002333
80052777
02151588
765384
406988
80027818
406988
765384
765384
406988
80002333
00693502
02151588
80068809
80006299
765384
2408570
765384
80055098
297666
80000269
80068809
80090557
80003210
455377
765384
02236958
2461463
80003210
765384
406988
80068809
765384
765384
02471469
765384
80012861
02248879
2040875
02381176
02309858
2245246
02326795
00263869
406988
765384
2040875
02435462
02318164
765384
80083109
765384
765384
765384
2048965
8002617
02049732
2040875
406988
80002333
80021855
02245911
765384
80083109
80068809
2477017
2440628
406988
80068809
80002333
00712507
765384
80021855
765384
80021855
765384
80002333
02232056
80006299
02507366
00793167
2456621
2466988
2240266
765384
406988
00532479
765384
765384
00594431
765384
02245911
80002333
80003210
406988
02236297
80034100
765384
406988
80003210
765384
02049694
765384
80002546
02471477
80004334
00833290
80033293
80055794
80021855
765384
80063083
02231903
02049732
80002333
00668184
455377
00532479
00217158
80068957
02294583
2438917
2443937
765384
80021855
00179957
765384
80002333
80021855
80083109
80021855
765384
2377233
2442884
2438917
02282445
80000111
00833290
02172909
80083109
80068809
00532479
765384
02240743
406988
765384
02471477
02467879
02172909
406988
2241634
80003329
02229620
765384
80002333
765384
765384
765384
80002546
2456451
765384
80002333
80068809
02231214
765384
80068809
80060745
765384
00532479
80006825
425362
80083109
765384
80021855
80028197
765384
765384
80021855
406988
00532479
80002546
02231214
02443937
765384
765384
406988

00287725
02467860
2457393
80021855
80007620
80000011
765384
2040905
406988
122823
2172909
2172909
80109697
80001336
406988
765384
406988
765384
02151588
02241144
02184788
2245246
02172909
00532479
80002333
80007620
455377
80068809
765384
80034025
80002333
765384
2150328
2172909
80043658
80000286
80021855
765384
406988
80003210
00712507
00793167
2432919
02248743
2315955
765384
455377
80021855
765384
2443945
2040875
765384
559393
765384
80018311
80078274
80000269
80068809
406988
80002333
2240266
2408872
2229099
765384
02471469
765384
80068809
00793167
02454130
765384
2515814
80006299
80025102
02244993
2451239
2493578
80003210
765384
765384
80069814
406988
236101
80000011
455377
80056946
80025201
80028197
80021855
80048099
297666

80068809
765384
80003210
80083109
00426849
80083109
765384
02453444
765384
80068809
2468565
02454750
00426849
765384
80068809
80021855
765384
80083109
00532479
00793167
80002546
2143445
80003210
765384
80083109
80068809
2150328
455377
2150328
765384
80061769
765384
80083109
80016965
02446057
2500582
02247479
2040875
2443937
406988
80002617
765384
80002617
765384
80021855
80007620
406988
80068809

765384
80068809
00793167
80068809
80021855
765384
00509558
80006299
80006384
406988
80012474
00402737
765384
80000286
80000269
80002617
80021855
80030034
765384
2471469
2443945
765384
02164256
2279460
765384
80083109
2241634
406988
765384
80083109
765384
406988
80006299
80021855
2048965
80068809
80057587
80003232
80059577
2172909
80016965
765384
2304317
2439786

02471469

02479885
02456621
80068809
765384
2449811

80000083
2143445
80003210
80024411
80068809
80068809
765384
406988
2337487
2213192
765384
80068809
2441888
2460513
00790419
2223546
406988
2040875
122645
406988
80021855
765384
02231214
00532479
80045607
80009136

765384
80068809
80002333
765384
80068809
80009878
765384
80009136
80031167
2415992
2172909
02443937
765384
80068809
00532479
80000111
00514012
00559407
2408590
00532479
765384
80068809
765384
00643211
02443937
2432919
80068809
765384
406988
80083109
765384
80021855
765384
80068809
02245911
80002333
2040875
765384
80002965
80047274
2503131
00643211
2241497
2324997
02248347
80006299
2471469
2040905
2301083
02289989
80068809
2172909
765384
406988
80003210
80028673
80026948
02238671
02475065
2321696
2321696
765384
02248743
406988
2443945
765384
2471469
765384
765384
406988
765384
765384
00833290
80003210
02231214
765384
80068809
2040875
765384
80002333
02247479
00668184
80021855
406988
02151588
80083109
80089177
80021693


00563137
80040471
80024647
80068809
80021855
80001336
765384
80021855
80068809
02439948
765384
00532479
00793167
80035931
80068809
80021855
765384
80063083
80021693
80000442
455377
02241202
02172909
02245911
406988
02443058
80003210
765384
2172909
00426849
406988
00668184
80034347
765384
02229620
2443945
2509431
80109697
80003304
80057587
80068809
80053301
2243919
455377
765384
80016965
80083109
765384
02243649
765384
00477133
455377
80021855
765384
2040875
00693502
00668184
02240743
80006255
02230334
80003210
80068809
765384
02231214
80021855
02230334
80068809
765384
02229620
455377
765384
80083109
00532479
80002546
765384
2451239
80068809
765384
80083109
765384
02254719
21474
02443937
406988
02471469
80044606
765384
02382652
765384
2150328
765384
2471469
2456451
2443945
2248307
2268493
406988
2477009
406988
765384
80014978

80003210
80002333
80000022
765384
765384
80007620
80068809
2040875
455377
80029336
00668184
80067643

80021855
765384
02167530
765384
406988
80021855
80002333
00793167
80083109
2040921
02471469
02456613


80068809
80021855
02172909
80068809
765384
02239815
02237425
00668184
122823
2040875
80021530
80025918
80124832
80022785
2143445
80032396

80044192
80021855
765384
2443937
1946986
765384
02525186
80043489
80061769
80021269
80068809
80001336
00793167
00179957
2040905
80006299
406988
2451239
02375087
02381176
406988
2245669
2301733
02375508
2451239
00477133
80002617
80023605
80021855
80005413
406988
765384

765384
2483270
782696
02245982
00833290
80002333
80021855
765384
2443937
2448602
80068809
2512629
80021855
765384
00532479
00668184
80084400
80068032
80111660
80032888
02172909
80049908
80005413
80928921
2242303
80085443
80083109
765384
02448599
02460653
02408570
02429454
02429446
02443945
80068809
765384
80031154
406988
80006299
80007620
00021288
2481677
2330474
80006299
02239815
02481065
80068809
80003210
406988
80021855
765384
00545031
02490889
02445077
02435470
02524856
02042304
02481634
02475812
02475421
80068809
765384
80003210
2443937
80007620
765384
80002617
02413388

406988
765384
02463644
02432889
406988
765384
80003210
455377
80007620
02151588
80043658
00217158
80072333
00477354
80096663
80002546
02230334
765384
02232969
02423979
02490897
02490889
00532479
2432889
2467860
02471469
80021855
765384
406988
80068809
80003751
765384
80072333

2348608
2241148
02443937
02171228
80002333
80002654
80068809
80021855
80069493
765384
02151588
2432919
80007620
765384
2301733
406988
765384
02245911
80002333
80068809
80039025
80021855
455377
80043658
00563137
765384
80002333
80021855
455377
02151588
80014401
765384
02467119
02436299
02442736
02456451
765384
455377
80021855
80006299
02239815
02497581
02441829
2438917
02171228
00894737
80000022
765384
80003210
1981501
00532479
00217158
02238004
00668184
02049732
00532479
80003210
765384
80021855
02471469
80002333
80014979
80021855
00668184
02230334
80001336
765384
80008844
80033684
765384
765384
02244993
765384
80001219
80068809
765384
80083109
765384
80068809
80021855
2040905
765384
00562882
80090352
2471469
80068809

02510987
2508877
765384
406988
02238806
02346486
02452006
765384
80007620
02427206
2327856
2040875
765384
765384
765384
80021693
765384
406988
80068809
80109697
765384
80043658
80043658
2241497
2245385
80068809
02172909
80023637
00693502
80068809
765384
406988
765384
765384
02245911
80083109
02443937
2508664
02487403
406988
765384
00532479
2536005
2351218
765384
80083109
765384
80002333
765384
80000111
80068809
765384
02172909
406988
80016965
80021855
765384
00532479
02237425
02240785
80004815
80021855
765384
00532479
80002617
80007620
80043844
765384
406988
765384
80002333
80055579
02244993
02456753
2297477
765384
02049732
406988
02471469
2467860
80083109
765384
80002333
02244993
80021855
765384
80083109
80068809
02461749
765384
406988
2150328
2458667
80002617
765384
2040905
80021128
2176955
80021855
80057587
2322498
2451239
765384
406988
80083109
765384
80003210
80057587
765384
80068809
02245911
80068809
765384
2174383
2040875
02229620
80071439
80055030
02172909
80012474
2443937
2441888
02446588
765384
80083109
122645
80021855
765384
80000111
80001544
02170698
80083109
765384
765384
80021855

02448572
02443937
02318164
80037019
455377
765384
80083109
00021431
00532479
80007620
80057587
765384
2555263
765384
80006299
80083109
00793167
80068809
2040875
80047258
80075693
765384
80002546
80083109
80006299
406988
765384
406988
80015280
80068809
765384
80002333
00693502
80021855
80016288
455377
80001336
765384
80007620
559393
02346486
02296713
2549018
02443937
02376946
02344025
00294322
02351420
02348772
765384
765384
406988
765384
02244993
406988
765384
80083109
318973
765384
02287072
2443937
2471469
02481650
765384
80003210
80000022
765384
80068809
80006384
80002333
02464985
80021855
765384
80068809
765384
80021855
80002333
02172909
2461323
406988
765384
2040905
80006299
80069493
80022455
80068809
80000011
80001336
407011
80004529
406988
80014978
80046669
02233142
00532479
02236297
00532479
02427206
765384
02442736
02487403
02242261
02443937
406988
765384
00682667
2150328
02231214
765384
455377
765384
2040921
765384
80082975
80075879
80065067
02245911
765384
80000286
765384
80083109
2241634
765384
2475804
2499401
2451239

80083109
765384
406988
765384
765384
00217158
2040905
765384
80000111
02484218
80006299
02247911
80021855
765384
2241634
765384
406988
559393
02466147
02519127
80068809
80068809
455377
80003210
80005084
80018311
765384
2176955
406988

80000890
2464039
80103759
80075159
80021855
765384
2503972

2531402
00217158
80068809
765384
80002333
765384
80068809
765384
2040905
80002333
80028197
80015993
02229620
2301733
80083109
02470446
02151588
455377
765384
765384
2443945
02467860
02443937
02471469
2176955
80043658
765384
2243446
2301075
2435632
2240910

2379279
2245385
2435381
2503123
2382644
02247386
765384
80083109
765384
02512025
00017841
02530244
02351420
02351072
02530708
02192756
02136090
02346486
02418932
02443856
2461331
2529114
2531569
2310910
765384
80068809
02049694
455377
80021855
765384
80002546
80068809
80021855
02446928

765384
406988
80003210
2443937
80083109
765384
80021855
455377
80004895
80068809
02443937
80002333
80068809
765384
02229620
02184788
02453738
02456451
02473232
80002333
765384
406988
80018564
2443937
00426849
765384
406988
02229620
80036328
80021855
765384
02049732
80031154
02507366
80024232
2040875
80083109
00179957
80068809
2443937
02453835
2150328
2471868
406988
02229620
80016965
765384
80057587
80093862
80068809
2195933
765384
406988
2422638
326844
02327260
21679

80002617
80024484
80007620
765384
80021855
80068809
80002333
02489775
2040905
80021855
765384
80041239
80002617
80055579
02424401
02282445
80002546
80002333
80051568
00712507
02237688
02231214
02237425
2048965
765384
80030034
80083109
765384
80021128
80092165
80009878
80083109
80057845
80085421
80025156
02151588
2499401
80021855
80002333
80009136
765384
2150328
02472945
02458225
406988
765384
80083109
80002617
02481634
80083109
765384
80070693
2343541
406988
765384
02466147

02461331
02443945
02245911
2493268
765384
02471469
02524856
02524856
00026158
765384
406988
80007620
80061769
02508664
02440628
02487403
406988
765384
2040875
8002617
765384
406988
00712507
80006384
80000963
00731358
80046635
80007930
80015993
80068809
765384
80002333
80006299
80083109
765384
80000269
2040875
765384
80068809
00532479
765384
2443937
2471469
765384
455377
02231214
8002617
80083109
765384
00532479
02439026
80068809
00532479
765384
80083109
80021855
80083109
765384
765384
765384
02443937
80021855
2453061
02343541
765384
02377934
02309858
888524
80083109
80068809
02172909
765384
455377
80002333
765384
80083109
2484218
02440148
765384
80002333
80043658
80016965
765384
00426849
80016965
80058052
2417170
00021431
406988
765384
02049732
02467860
80068809
765384
765384
80006091
80083109
406988
02346486
02450054
80068809
80016965
765384
80014978
00217158
765384
80000022
02471469
02443937
80003751
765384
80068809
00532479
00179957
765384
765384
455377
02451980
80068809
80003210
455377
80016965
80083109
765384
406988
406988
80002546
80068809
80009878
80055383
765384
765384
80083109
765384
406988
80000269
765384
80004044
80068809
02229620
00532479
80002333
80014978
80028811
02172909
2443937
2446928
765384
02435470
2464020
2440628
02360594
02245911
765384
80002546
80083109
02232969
02496941
2150328
00263869
00021679
80068809
765384
80083109
02478374
2493578
2049325
765384
80083109
02458667
02245911
80021693
80000269
2241634
765384
80068809
02243425
02245975
8002617
765384
80001974
2241634
2241634
80083109
2241634
765384
80009136
80000022
80068809
80068809
80083109
559393
765384
80021855
00021431
1954237
2470365
80000083
80068809
80061769
765384
80021855
765384
2378612
02296713
02255316
02230711
2040905
765384

1933531
1933531
765384
2040875
80003210
2040905
765384
2472945

80075520
80009878
80002333
765384
80021855
02245911
765384
80006299
80016965
80002333

80021855
02432889
2067579
80068809
80007620
559393
00793167
02326795
02385449
02377934
00294322
765384
80002546
80001847
80068809
2150328
765384
406988
80002333
80000011
80000022
765384
80021855
80002546
2471469

02245911
765384
80061769
765384
80007620
80002943
406988
765384
2040921
80083109
765384
80007620
80021855
765384
80083109
80002654
02245911
559393
2443937
2471469
765384
80068809
80021855
80000176
02236297
455377
406988
765384
80003210
00532479
80007620
2439786
02445077
765384
406988
765384
02172909
406988
765384
80021855
559393
765384
2172100
2481677
765384
2040905
80058073
02231214
765384
02443449
02172909
02443937
02471469
765384
80002546
2471469
2493373
2443945
80063083
80006337
2172909
765384
80068809
80061769
2443937
406988
02443937
02467860
406988
765384
765384
406988
2040921
80068809
765384
80007620
2241634
80055579
406988
80021855
765384
02245911
02245389
80083109
765384
02245911
02172909
80083109
80001336
765384
02466147
80043658
80026996
80068809
80022550
80002333
80017620
02443945
02524864
00026808
02240743
406988
765384

2338726
02443937
02471469
406988
80003210
765384
80083109
80002333
80002333
455377
765384
80083109
2343541
02192756
02377934
2245385
02381176
80061769
765384
02229620
80068809
02172909
80068809
02223546
80033189
02456451
80000022
80083109
406988
80006299
2443937
8002617
406988
765384
2471469
559393
02467860
765384
80021855
80068809
765384
80021855
765384
2443074
765384
406988
406988
80006299
02467860
80068809
80068809
765384
406988
80002333
80068809
765384
80003210
02244993
765384
80083109
80001336
80012394
80002007
2040921
02237661
02492415
02444852
02471477
80027304
80068809
80004502
80021269
02439026
80009136
80003210
02172909
80021855
765384
80043658
765384
80068809
765384
765384
80083109
80078274
2326957
2245246
2330474
02422662
2295261
02359596
765384
80021855
80129143
765384
80007620
2040905
80000083
765384
02244993
559393
406988
765384
80021855
80041170
80043658
80021855
765384
02231214
80031606
2456451
2506696
765384
02049732
02343541
00519286
02172909
80068809

80106483
02172909
80063083
80106520
765384
406988
80002333
80083109
00532479
00793167
765384
765384
406988
2427982
80068809
80001336
80021855
2443937
2518821
80021855
80068809
765384
02439026
2487403
406988
765384
2040875
02255316
02449943
765384
02471469
02467860
2241634
80068809
00026794
765384
80083109
80039378
80104978
00668184
765384
80000111
765384
02467860
02229620
80002333
00021695
765384
80095084
80036295
2321696
425362
80068809
02240743
00693502
80001336
80021855
80006299
2443937
80083109
02245911
80021855
765384
406988
02416808
80002617
80068809
765384
80002333
80002333
765384
2040875
80028197
80055794
02453835
80068809
02432919
2341689
80083109
02446944
2472945
02458640
2471469
2316986
80068809
559393
80003210
2176955
402788
02471469
2048965
02229620
765384
2536161
2241634
406988
80021855
765384
80063083
00693502
765384
406988
02172909
407011
765384
406988
2040905
2528371
2419173
02495562
80068809
80101160
765384
455377
765384
455377
765384
2242452
00793167
80003210
00712507
80083109
765384
80000111
02443937
406988
80007620
80068809
2176955
02495422
02471469

02244993
00870927
765384
00179957
80068809
00793167
765384
80068809
80083109
765384
80061769
02244993
02471469
406988
765384
406988
765384
765384
80000111
80083109
80021855
80002333
406988
80021855
765384
80006255
80016288
80068809
765384
80021855
80002333
80000022
02049694
406988
765384
00532479
2471469
80068809
80068809
80053140
80068809
02229620
02172909
406988
80022455
765384
00532479
80043658
80068957
80002546
2443937
80068809
02444844
455377
80009878
80021855
2040921
02439026
80003210
80060192
00532479
406988
02443937
02471469
80068809
80068809
765384
765384
406988
00532479
02043394
02348772
441775
2454130
2437899
02255316
02296713
02394839
02381176
02326795
02443937
00514535
02244353
2426153

2150328
765384
80002333
80000269
80044606
80002333
80000111
80068809
765384
80021855
02454130
406988
80068809
80007620
80068809
80004529
02245911
2456575
80068809
80021855
455377
80002617
765384
2040875
765384
80021855
00179957
02029448
02402874
2172062
00359718
2493578


2322498
2451239
00426849
80003751
765384
2426153
80060192

02443937
02480859
02151588
02172909
00179957
765384
2040875
2493578
765384
80068809
80000111
2435411
765384
765384
80002617
765384
02481634

00514012
00793167
2357356
2244203
02471469
02443937
02244993
765384
80007620
80068809
00532479
765384
80002333
80068809
406988
2040875
765384
2241634
80068809
80021855
765384
80000011
765384
80002333
00532479
80000022
80021855
2439786
765384
80068809
2241634
610623
765384
80068809
02435411
02449811
80068809
765384
406988
765384
765384
765384
80000834
02191180
406988
765384
80068809
765384
80003210
80053152
2403587
2237246
00426849
02170671
80000269
80018564
80013210
765384
80009761
765384
80024575
80021855
765384
80002333
80008385
80068809
00693502
02245911
1933531
80083109
2477963
02420066
406988
765384
765384
406988
80000079
80007620
765384
80002333
406988
02184788
455377
765384
80002333
02151588
02172909
406988
80068809
80007620
80077638
80007620
02232056
00050547
02439026
80034879
765384
765384
406988
80003210
2412950
02384299
406988
80021855
02432889
765384
406988
2241634
2040905
02172909
765384
80068809
02246793
2484218
02432889
2509415
80068809
80068809
80002546
765384
80070693
80083109
80068809
02458667
765384
309702
765384
80007620
765384
80068809
80026581
765384
765384
406988

765384
80068809
02439026
2472945
80055794
455377
765384
00532479
02167530
80046635
80021855
80060088
765384
2443066
02343622
80068809
80000111
80083109
765384
406988
80034798
2460270
2451239
80003210
80021855
765384
02248879
80021781
80001336
406988
2455951
02507366
80029336
80034312
02495244
765384
02231214
406988
00793167
02481650
02151588
80009395
80003210
2476614
2245385
2245669
2040905
80068809
80002617
765384
80083109
765384
80002546
80069493
00712507
00532479
80071783
02240785
80068809
406988
765384
80021855
02443937
02471469
765384
00021431
80068809
406988
80021855
765384
00668184
00532479
80002333
02533995
80083109
765384
00217158
00532479
80002333
80007517
80002546
80057196
765384
2150328
80021855
80072333
80083109
406988
765384
2493373
80068809
2241634
80003210
80068809
80058052
80009878
406988
80003210
80066318
80009761
765384
406988
80063083
02245911
00532479
80068809
02476576
765384
406988


2432919
2524910
765384
406988
80068809
765384
00712507
80068809
02467860
02460408
80068809
765384
455377
765384
02439662
02494337
455377
80002333
00532479
765384
765384
80021855
765384
80068809
02471469
80083109
765384
80061769
80068809
80000435
00514012
02394596
80023868
80026948
02223546
02231214
765384
782696
765384
00668184
406988
80061516
765384
80003210
80014978
765384

455377
122823
80021855
80002333
80068809
406988
2237726
80068809
406988
765384
80021855
80083109
406988
765384
80083109
80009136
2040921
765384
765384
80003210
02049732
765384
2472945
765384
765384
80002546
80068809
765384
2456605
765384
80068809
80001336
80002333
765384
80083109
02463644
80006299
02151588
2454130
80003210
80018311
765384
406988
765384
80002617
80021855
2451239
80068809
02456451
2432889
80001336
80021855
80057587
765384
02240935
406988
80015993
2223546
02439026
00668184
80057587
80002333
765384
80035293
80041119
80029336

02471469
765384
406988
80083109
80003210

80083109
02151588
765384
80002333
80003210
2512475
2481685
80021855
80068809
02519127
765384
02244993
765384
02151588
80002333
80016288
80008851
406988
765384
2456451
455377
80069493
02184788
80068809
406988
765384
80083109
80068809
765384
00668184
02240935
02172909
00426849
80015280
122823
00731358
80004529
00668184
80070693
80007620
1919458
2493578
2436159
765384
406988
80068809
00693502
2459779
80001481
2040905
80068809
02297574
02471086
02506270
02435462
80083109
80014401
765384
80002333
02223546
2473488
02441098
80068809
02246362
02471469
02172909
455377
765384
2382547
2176955
2040875
80022161
765384
80021855
02239815
297720
2040921
80015993
80029045
765384
80052447
02515695
80068809
02348772
02381176
765384
406988
80043489
02310899
02476576
2241634
2040905
2321696
2040921
765384
406988
765384
02456621
02433044
2241634
765384
80021855
406988
765384
2321696
765384
80002333
455377
80001544
1919458
765384
80000009
80083109
02049732
765384
80006299
765384
80068809
80068809
765384
406988
02239815
765384
80009136
80002333
2320673
2320673
80003210
80083109
80002546
455377
00532479
02481057
80000022
80003210
765384
02230334
2480700
80068809
2163926
765384
02481634
02245911
80007620
80068809
122645
765384
80009136
00668184
765384
80068809
80083109
80029283
80005243
765384
406988
02237556
02245911
2415992
02377934
2341093
02316986
80068809
2493578
80021855
00532479
765384
80068809
765384
00532479

80021855
80021855
765384
80002333
2248810
02432889
02460653
80021855
765384
80014401
00693502
02049732
406988
80002333
02231214
2241634
02468565
406988
765384
765384
406988
80021855
80083109
00693502
80003210
2248307
2256290
80068809
455377
80021855
765384
80083109
765384
02502674
765384
406988
2176955
80007620
80002551
80068809
80000241
80057587
765384
80021855
765384
02240134
02172909
765384
765384
80002333
765384

765384
80021855
80000239
80068809
80021855
765384
406988
80068809
765384
2363402
2321092
839183
2271958
765384
80068809
2150328
455377
02439026
406988
80021855
765384
765384
80002333
80083109
765384
765384
00532479
02377934
80037524
407011
765384
80000111
406988
455377
765384
80083109
80055794
02236927
765384
02476576
2436256
425362
402788
80068809
80068809
455377
2040875
80000022
80068809
80024960
765384
2040875
80014978
765384
00793167
80007620
406988
559393
455377
765384
80002333
765384
80007620
02049732
2473062
80068809
80021855
80007620
765384
406988
80021855
765384
2150328
406988
765384
765384
80083109
80068809
00712507

80068809
02471469
80083109
455377
02456575
765384
80000111
26123
02516098
765384
80002333
80000269
406988
765384
455377
80003210
80021855
80068809
80070679
02441152
02231538
406988
765384
80081171
02481650
00693502
02236958
765384
406988
80000111
80068809
406988
765384
2537567
765384
406988
02240677
2172909
2434334
00426849
765384
00790427
80015552
2040921
80004529
80002671
00426849
2172909



80068809
02162822
80068809
80021855
80003210
80000269
765384
80078274
80069493
80007620
80021855
765384
455377
80083109
80000022
80003210
80007620
2505363
765384
80068809
80003210
02243649
80009878
765384
02049732
80068809
00426849
80021855
765384
2443945
80001088
80051642
2172909
80001336
80003210
765384
2451239
765384
80021855
80083109
02172909
80068809
80003524
80004815
00263818
80000576
02232059
80067989
765384
80112026
80004287
2040921
765384
80090051
80031154
2040921
80083109
765384
2454548
02446928
02381176
02162822
02192756
02326795
02377934
02471469
00294322
406988
80007620
02172909
2248151
02439948
2091194
2321696
2321696

765384
80009377
80000111
02172909
80068809
80007620
80001088
02470233
80007620
407011
80007620
02446928
2543184
80083109
80083109
765384
406988
2443937
80015552
80083109
407011
455377
80021855
2040921
02245911
2471469
406988
2241634
80083109
2487381
2428296
2506564
80007620
406988
80002551
80007620
80000198
297666
80044606
02240409
2446936
2509431
2241634
2248105
80002333
80007620
2241634
2150328
02518791
80015552
2517779
2464985
80083109
02245911
02471469
2435381
80032608
80000398
80021855
02245911
80001147
80000111
2048965
765384
00017841
2443937
80083109

80068809
80023681
80068809
80016965

02245911
80068809
2040921
765384
2494264
80068809
80002654
80055794
80015552
02247619
80057587
2435462
406988
406988
80083109
80007620
406988
02245911
80001290
80021855
80002617

2240113
80083109
80024484
2467887
2471469
2439611
2492415
80002617
2237726
2468603
2246820
2461323
02296713
2478145
2503484
2458543
80002333
2470438
80007620
559393
2326450
02449781
236101
80044323
80007106
80000716
80061724
80070235
80107923
80000625
80032888
80022868
80079111
80037313

80123345
80055550
80135385
80044055
80090198
80123786
80019931
80070693
80057253
455377

80039416
02151588
122823
80028197
80001309
80012384
80067448
80023940
80112792
02230606
80006847
80037228
80078317
80061393
2172909
406988
80083109
406988
80083109
318973
80007620
80044606
2241634
2369184
2456613
80083109
2435470
2458667
80021855
2470446
2489228
80083109
80083109
02435462
80078530
455377
765384
80021855
80083109
2040921
2172909
80083109
80070693
2040921
80016965
80083109
80003210
2040905
80058511
406988
2446928
406988
2040921
80092797
559393
2503131
2245669
80083109
80029020
80083109
02506564
02444844
406988
2474522
80007620
80015552
406988
80007620
80007620
80016965
80007620
765384
2241634
2348292


2241634
80007620
80068809
80015552
80044606
80022550
80078274
406988
2150328

80044606
765384
80033464
2040905
2444844
02471469
2022141
02472015
02529009
02317680
406988
406988
80083109
80083109
765384
80083109
765384
80044606
80021855
765384
80001088

80007620
80083109
80022455
2315955
80083109
80007620
2241634
2443945
2467860
02471469
80083109
80071412
02443937
80007620
2040921
2470241
2241634
2443937
559393
337439

2273381
2423596
2321696
2446936
406988
80007620

80007620
2518821
80016965
80083109
80016965
80000083
406988
80083109
80003210
2321696
2241634
80022455
80017464
80083109
80000083
80001336
2322498
80047651
00668184
80027055
765384
80000111
765384
407011
80103417
80001088
80000834
80141292
80083109
80021855
406988
765384
80083109
80021855
80001088
2241634
80044606
80070693
80016965
80000111
2438275
02435470
02245911
80003210
80022455
00017841
80021855
80069493
765384
80021855
80001088
2176955
80003210
80007620

80002617
2172909
80126182
2040921
80021855
406988
80007620
02245911
02246362
80022455
00017841
02171228
80016965
2241634
765384
406988
406988
613231
80068809
80033505
80014247
2436256
80068809
765384
8002617
80044606
80007620
02443937
02469871
2462168
00017841
00217158
80083109
00532479
80007620
2446928
2435470
80001336
02245911
765384
765384
406988
80083109
80083109
765384
406988
2324970
80083109
80083109
2241634
318973
2271478
2248104
02432919
02270528
02162822
2419556
02346486
2474522
406988
02530708
2481863
765384
02422549
02296713
2481677
2304317
80007620
02446928
271373
00017841
80083109
765384
80083109
02245911
765384
80007620
406988
765384
80007620
2442590
2503115
2522861
2481685
406988
2241634
2426307
2327856
318973
80083109
2438488
80061769
2278251
80007620
00782114
02364999
2236876
02484218
80001336
2040921
80021781
2040921
2040905
80021855
80003045
122823
2236563
80027594
80024293
80083109
2443937
2443937
80002617
2241634
2040875
80007620
2298589
765384
80112777
2040921
2385341
406988
2443945
2506564
2467860
80000083
80068809
80017464
765384
80083109
02138670
765384
2458667
02245911
80083109
02415305
02245911
80031495
80083109
02290375
80007620
80083109
406988
765384
80083109
80007620
80044606
765384
00782114
406988
2479885
80007620
80026561
2241634
406988
80000111
406988
02357755
2247439
80007620
80039378
80049640
765384
80001336
80021855
765384
741183
80061769
80068809
80002333
765384
80016965
80014401
80039378
80000111
80021855
765384
80022455
80006998
80083109
80033231
2435462
2443945
80007620
2443945
02481189
80003210
765384
80068809
2471469
80007620
2241634
2533049
80083109
80001290
406988
02423421
2443937
406988
406988
80003210
02245911
2040875
80001088
80068809
80002617
80000011
80021855
2446944
2435470
02232056
80021855
80068809
2537761
765384
80083109
406988

80083109
80021855
00668184
80083109
406988
765384
2439662
80083109
02487381
765384
318973
80021855
80021855
297666
765384
559393
02457393
2172909
80028197
80021855
2439786
2525518
00828793
80083109
765384
80021855
80002333
407011
2468565
80002551
406988
318973
80083109
2241634
80021855
80009089

02172909
80031689
80083109
455377
406988
80003210
80083109
765384
765384
765384
318973
2506696
8002617
2543184
406988
00532479
2150328
80083109
80021855
80068809
765384
80083109
406988
80015552
406988
2150328
765384
80007620
80021855
765384
8002617
80026581
80068809
80061769
2518821
00017841
80001336
765384
80083109
765384
80022455
80021855
765384
80083109
80000834
2354950
2401150
02377934
2245385
765384
2414759
80009377
2458659
80003210
80083109
80003210
80000083
765384
765384
80083109
2503972
2469871
2467887
2443945
80083109
765384
80021855
80014707
80021855
80083109
00532479
80083109
80002333
80053152
80083109
318973
80083109
80083109
765384
80021855
80004529
02231214
80068809
02435411
80007620
80007620
765384
80015552


2446944
2443937
2495244
80002617
80000083
80022455
80068809
2518821
02471469
02518732
2467860
80083109
2446944
2435470
2461528
2439611
02498316
80083109
406988
2241634
80083109
2467860
2171899
00782114
765384
80017464
80083109
2040921
765384
80021855
765384
2242303
80061708
80006091
80028055
2040875
80000269
80068809
80068809
406988
765384
765384
80068809
80083109
2443937
2481677
2297574
2503972
406988
80083109
406988
02346486
00003867
80000921
80083109
406988
80007620
80028197
80021855
80083109
765384

02388944
406988
80007620
2441659
765384
80068809
80028197
2423596
80083109
406988
80083109
2487381
786616
2449811
80083109
406988
2543184
80083109
02449498
80070358
80000022
80024658
80068809
80007620
02232056
2428261
2425610
2354608
80000111
80103534
80068809
02326450
80043035
80078274
80122357
80001147
765384
80016965
2230653
80044606
765384
80068809
2040905
8002617
80083109
765384
2150328
406988
02471469
2533057
765384
406988
2523795

80002551
80021855
80009089
02478579
80083109
765384
00283568
2435411
2296527
406988
2557711
2456621
2471469
2444844
02413388
2245662
2364077
2407485
02348772
80007620
80002333
80083109
613215
2328100
80083109
406988
2517787
2524910
765384
80068809
02443937
80007620
318973
122645
765384
80021855
80057587

406988
00555126
765384
406988
80002333
8002617
80000023

406988
80007620
2241634
80053152
406988
80001806
80002333
80021473
406988
02443937
2314630
406988
80068809
02381176
02162822
765384
80070693
2040921
765384
02172909
02248743
80001290
2435462
80083109
406988
00319341
2419556
2150328
407011
80016965
2435381
2435470
2460513
2481677
80017620
80078530
2090228
80007620

00668184
2040921
765384
2458659
2407485
80007620
80083109
2465957
80019674
80000011
02248743
80022147
80021855
80017464
80003210
2321696
765384
2040875
80007620
80053152

80021855
765384
559393
80039418
80069534
80036743
02238004
02435462
406988
02446928
2543184
80083109
8002617
765384
80114385
2241634
80002617
80083109
80002551
406988
2315955
2040905
2374137
02245911
406988
00668184
02471469
406988
2533049
2040905
2229099
2241634
765384
80083109
406988
765384
2040905
80007620
2467860
2469871
406988
765384
80083109
80083109
02458640
80083109
80000111
80007620
80021855
2492156
80007620
406988
2240266
765384
80003210
765384
2241634
2481863
2240769
2487713
02354950
02320916
2479796
455377
2493578
765384
80017464
80083109
80008040
80002551
80030672
80007620
2497603
2543184
2457741
80083109
80002333
80068809
02233146
00833290
765384
80014247
2321696
2321696
2445042
2402793
02435462
02333856
02378523
2438461
2245385
2403587
02246793
2465000
2419890
2518821
406988
80083109
2176955
326844
80083109
765384
2404389
80083109
2241634
402788
2247173
00031100
02229453
765384
80007620
00017841
2399032
80056164
80068809
00426849
765384
00017841
80083109
80083109
80083109
765384
2471469
2415208
2425211
2470225
2397072
2407256
2461323
2243518
2438275
2241634
406988
2247389
2172070
80083109
80005017
80021855
80015914
765384
80083109
765384
02518732
02158590
02441888
2492415
80083109
80068809
80001219
80007620
80016965
80061769
2456451
2470365
2456532
80002333
00532479
80083109
2543184
80007620
80015552

80068809
80083109
80095747

80061769
02443937
2441829
02471469
02495244
406988
80021473

765384
765384
2150328
2435411
22788251
2392623
2241634

1927752
2219492
80083109
80083109
80068809
765384
80007620
407011
2298589
406988
2311011
2241634
80007620
80000111
02246362
02435411
02317680
80000083
00353418
2237726
80083109
318973
406988
406988
80083109
80070693
80025932
80068809
80021855
122823
2040921
2378523
455377
559393
2265540
2123274
02099233
00878901
2301733
2229453
02238216
451207
02238873
2321696

02238465
2245385
80068809
765384
02417685
00017841
80007620
2040921
80083109
2467860
02471469
02162822
80022455
406988
80007620
80083109
80002551
80009089
765384
406988
80000269
80003210
80083109
318973
122645
80039378
02245911
765384
80066848
80002333
80001336
80007620
80083109
2241634
80083109
2428288
318973
80030520
80015411
406988
122645
8002617
80121045
80007517

80000158
80007620
00794481
406988
80007620


80016965
2004240
2246691
765384
02451913
00031100
80083109
765384
80083109
80016965
02246362
2172909
80061769
80007620
02443937
2273950
80057587
80004287
2321696
80022455
80039378
02444844
80061769
2241634
765384
406988
2321696
80083109
765384

2471469
765384
406988
00017841
2467860
2506564
80007620
02446561
2040921
80083109
02231214
406988
80007620
80000083

80007620
2172097
2326450
406988
80083109
765384
80000023
80002333
80005579
02446928
406988
2040921
765384
80083109
2481677
80083109
765384
80007620
80132882
80063083
406988
80083109
318973
80083109
2241634
2487403
2428288
406988
2040921
2040921
406988
80083109
406988
80083109
406988
80001336
2430932
2493268
80083109
80068809
80000083
80083109
80002617
2040980
2174383
80068809
765384
80021855
2040921
00668184
559393
2354829
2339099
2413140
80007620
2467860
80021855
80068809
80044606
80003210
80017035
80000083
80083109
80068809
406988
765384
2409097
02456451
2423596
80083109
406988
80083109
765384
80083109
80083109
02245911
02375508
00017841
80027142

2245246
765384
80022455
80007620
896411
80083109
2385783
2241634
80083109
765384
80083109
2456575
80044606
765384
80007620
80007620
80083109
406988
80083109
2172909
559393
559393
2321696
80109525
455377
80001147

765384
765384
00017841
80083109
2246860
765384
80083109
406988
80007620
406988
80083109
80000834
80022455
2040875
02231214
80000111
80083109
80007620
2040905
406988
80044606
2321696
80000111
455377
80068809
80083109
2040875
765384
312800
80007620
2229746
80083109

80086523
80000083
80124673
765384
2346672
02443937
80083109
406988
765384
2172909

80039378
80083109
80002551
765384
406988
80083109
2467860
2506564
2506564
80007620


2290375
80083109
765384
02365197
02284723
02155869
80083109
02296713
765384
02435411
22788251
80016965
80005389
80083109
406988
80052386
80083109
2423863
02245911
80028197
80083109
80083109
406988
80068809
2461501
2452693
80083109
80090051
2469871
80001336
2248763
80082691
02443937
406988
02432919
80007620
2040921
80083109
80083109
02244258
2040875
80063083
80021855
80003210
406988
80083109
2172100
80007620
80083109
02245911
2241634
80068809
80018311
765384
80016965
80083109
2483556
2486237
765384
2521466
80044606
80002333
02454130
2172100
02496828
2170698
2496518
2458667
80007620
80083109
00017841
406988
80083109
80044606
122823
406988
80007620
00643211
80056642
765384
2040875
406988
80083109
80083109

80007620
2241634
80021855
80016965
406988
80015552
80083109
80008611
80024439
2040921
80083109
80003210
02172909
2242303
80021855
80007620
2080052
2451239
80000043
80021268
80086400
80000083
122654
80022194
2237726
02229620
80049641
455377
80009878
80078405
765384
80083109
80083109
80007620
406988
80083109
80007620
2435462
00532479
80007620
406988
765384
2241634
80083109
80083109
02171228
80083109
2229099
765384
2279614
396761
80007620
02171228
2347180
2537907
2262991
80007620
80007620
02245911
406988
80007620
406988
406988
765384
80070693
80083109
765384
406988
80007620
2241634
2241497
02361744
2040905
80016965

80015552
80083109
2487721
2423596
406988
232378
80007620
02231008
80007620
2543192
80083109
406988
765384
765384
80007620
80083109
80007620
2471086
2475804
2487381
613215
2416409
2455323
80083109
80000834
80004044
02017512
406988
765384
80007620
8002617
80053732
80006998
80083109
80083109
406988
80000083
80083109
80007620
80007620
80068809
80021855
02451239
80007620
80068809

406988
80083109
2241634
80000083
80068809
80007620
80007620
80068809
559393
2245385
80007620

2321696
02507366
02495155
80083109
1933531
02245911
80002692
02441888
80007620
2321696
80083109
80007620
765384
80083109
406988
80016965
80083109
80061769
80083109
80000834
122645
2470233
2481677
80007620
765384
2412969
2341093
2241634
80016965
80083109
80000083
2040921
122823
2048965
80083109
02443937
80003210
80039378
80083109
02275074
80007620
455377
2296527
80083109
80083109
2490870
80007620
782467
559393
80015552
2324059
2237726
80007620
80083109
80083109
2040921
406988
765384
2241634
2321696
2326450
80007620
80083109
2245523
2040921
765384
765384
80016965
02471469
80083109
02444844
02435462
80083109
80070693
80083109
613231
02474522
765384
326844
2516063
02245911
80002333
2487721
80016965
765384
80083109
765384
80000334
2040921
406988
80015552
80083109
80007620
80083109
80083109
80083109
80083109
80016965
00793167
2241634
406988
80007620
80016965
80007620
455377
80003210
80083109
406988
2172909
80083109
318973
00017841
406988
80083109
80044606

80007620
80083109
80007620
2343541
1933531
2040921
2321696
80083109
2412950
122645
406988
80000011
765384
80021855
406988
2241634
80007620
2327856
2172909
80083109
80007620
80083109
02245911
80003210
765384
02240134
406988
2487381

80083109
2474522
559393
80083109

2172070
80083109
80016965
318973
80007620
2476770
80022455
2471027
559393
80007620
2521768
80068809
80000083
406988
80007620
80007620
2321696
80083109
2321696
80007620
80083109
406988
00017841
80000111
92622
02245911
80007620
765384
80000083
80068809
02172909
80083109
00532479
00017841
02471469
406988
02443937
80083109
2321696
80083109
80003210
80007620
765384
80000269
2040921
80083109
80063083
406988
2040921
80039378
406988
80068809
80007620
2040921
02440423
02453193
02444062
2321696

2040921

80007620
80021855
406988
80028197
80082053
80083109
00532479
80039378
2176955
00668184
02237425
455377
00217158
80000241
80000111
80001544
80021702
80002333
80021855
80021473
80083109
00532479
80007620
2472422
80083109

80000011
2040921
406988
80009878
80007620
80083109
2451239
765384
80083109
80002333
80035191
80061769
80083109
02238280
80044606
80007620
80001336
2150328
2321696
2374137
2172909

2368684
80063083
80083109
406988
406988
2241634
80016965
80083109
00017841
2040921
80068809
02465035
406988
2518821
2241634
80007620
406988
02472015
80083109
80000023
80007620
80039378
80021855
80002333
02231214
765384
80022455
80003210

2172909
80083109
765384
406988
80083109
02491060
80068809
406988
406988
80007620
80083109
2446944
80007620
80008943
406988
2451239
80083109
80083109
02471469
80000834
80007620
80039278
765384


80083109
80001147
80039378
00017841
406988
80083109
80007620
765384
297666
80021855

2172909
80083109
765384
2438917
2126222
80083109
80068809
80061769
8002617
2040875
80104797
80010843
80002777
80009878
80016093
80007620
80007620
02172909
80061769
80017917
80068809
80022455
765384
2451239
80083109
80083109
455377
80007620
80021855
80000111
80039378
02231214
80083109
80083109
00017841
2317680
406988
2172909

2469421
2391619

80083109
80083109

80083109
80002333
80083109
02326795
2423235

2275538
362166
02239090
2518821
2458640
02231214
2461323
80007620
80016965
2534835
2467860
02371146
2471469
02376016
765384
80021855
80044606
765384
2233852
559393
2040875
80000834

2321696
2321696
80083109
80083109
455377
80083109
406988
80083109
80068809
80003210

80023775
2172100
80016965
80083109
80083109
00017841
2040921
80007620

362166
2414570
80083109
515108
80056642
80058198
2040875
02049694
2040921
80083109
80083109
02435462
765384
80001290
80007620
765384
00017841
406988
02245911
80007620
80005389
80083109
80083109
402745
2451239
80083109
2237726
2408872
2423596
2304317
765384
80007620
02449781
80000111
765384
2337487
765384
2245385
80083109
80007620
2354950
80083109
02443937
765384
02471469
2467860
80029399
2172909
80044321
02248743
80068809
406988
80007620
2241634
80007620
2241634
2443937
2150328
2533073
2471469
765384
2172909
2040905
406988
2242303
2172909
80073357
80082947
80057587
80048604
80090933
02299712
80083109
02249405
80068809
2321696
80021855
80083109
80083109
765384
80083109
80083109
765384
80000111
80069493
2330474
2172100
80083109
80083109
02443449
765384
80083109
2449811

80083109
80083109
2456451
80083109
80083109
80083109
80007620
318973
2443708
2537656
2383381
2233055
2327856
2457741
02239941
80007620
765384
80083109
80000083
2040921
2470438
2438984
80007620
80056839
80063083
80007620
80083109
80044606
80003262
80083109
02471469
80004044
80003262
80083109
80025932
80000834
2385791
80083109
2518058
2374137
80083109
80007620
579351
2239926
855820
2321696
2255332
765384
2040875
406988
80083109
80021855
80083109
80083109
406988
02245911
80083109
2448602
02435462
80083109
2229099
80007620
765384
80083109
80082485
2321696
2393190

765384
80068809
80083109
80083109
80075138


80083109
80083109
80083109
2441888
2298589
2040921
80083109
765384
765384
80086542
80027681

2321696
2321696

632734
80007620
80083109
2435470
2471469
80083109
02467860
2543184
80016965
80007620
80053986
2040875
80007620
2446057
80124682
2246793

2231150
2471086
2401150

2255340
2356740

559393
80007620
80000111
80016965
80021855
80083109
765384
80022727
80016965
2041413
2451239
765384
80083109
765384
02435462
2040921
80007620
80083109
80083109
2040921
80083109
765384
80083109
2241634
80007620
80007620
122645
80068809
80083109
02172909
2435411
765384
765384
80083109
80078530
2172909
80000834
2443937
2483319
2172070
2467860
406988
80007620
402591
8002617
765384
406988
80004841
02172909
80083109
2383187
80000023
765384
406988
765384
80002617
80083109
765384
80016965
80021855
02049694
2440644
02460661
80083109
80000083
80083109
2040921
80007620
02245911
765384
80083109
02247439
80068809
80001290
02462850
765384
2489228
2241634
80000082
765384
2443937
80083109
1999818
765384
00017841
2040905
455377
80083109
80005898
80123786
80083109
80068809
2231017
80002617
80003210
80039378
2172909
765384
2451239
2493578
2477386
80007620
80007620
80083109
2397900
80083109
2040921
2321696
2048965
80007620
80016965
02239146
2150328
80083109
765384
80002333
406988
2451239
00017841
80083109
2166704
765384
2381478
2301733
2451239
80007620
80002333

2172909
2441888
2040921
2491427
80083109
80007766
80021855
80000269
122823
80003210
80030327
2040921
80007620
406988
80009089
80022727
2382458
2182750
2240910
80053152
02449781
2040921
80021855
80028197

80083109
80068809
80068809
80028881
02231214
00532479
02172909
02320916
80083109
80058511
2471469
80002551
80039378
80007620
80083109
80000111
80038996
80083109
80007620
80083109
579351
80002333
80083109
326844
02471469
2337975
80068809
80002333
80068809
80000111
80069771
2048965
406988
765384
80021855
2143445
765384
2339099
80000834
2348063
559393
2412500
80007620
80027151
80002333
80017464
765384
2444186
2470365
80083109
406988
406988
80007620
80015552
02518112
559393
2172909
80083109
80002617
406988
765384
80007620
765384
00532479
2414600
80007620
80083109
765384
2418282
80007620
80083109
765384
80083109
2040875
80016965
765384
80068809
80002333
80083109
80083109
80083109
8002617
80021855
122823
407011
309702
02512629
2321696
02432919
80001290
80083109
80083109
00017841
765384
406988
80021855
765384
80068809
406988
80083109
80107550
765384
80016965
80007620
455377
80002617
80084271
80068809
00668184
765384
80083109
80062621
318973
02245911
765384
80083109
80083109
80002617
80018654
02245911
765384
80000011
02230311
80000241
80083109
80037854
02230311

80083109
80007620
80063083
765384
80083109
80009678
765384
80019536
80007620
80002333
80068809
02248743
80001290
80083109
455377
02049694
80021855
765384
80083109
00532479
765384
80083109
406988
2435462
80021855
1933531
2269198
80007620
80002333
80082327
02242011
406988
02495465
02429446
80007620
2321696
80002617

2471469
2172909
2509431
2241634
2451239
80083109
765384
80083109
80015504
80083109

2449811

2317680
2465949
80053152
765384
02172909
02247732
2524910
765384
80083109
2422638
2385694
2297795
2508656
2314894
2425483
80083109
02309858
02346486
02163772
2327856
2412942
765384
2379279
2414570
80007620
80000111
80083109
80083109
80007620
406988
2004240
122645
80124682
80083109
02471469
2150328
80007620
80007620
318973
80083109
80083109
765384
2471469
2241634
80007620
80007620
80007620
80083109
00555126
406988
765384
2442574
80083109
2241634
80083109
568562
2500175

765384
80083109
2241634
80007620
02246362
80007620
363677
2443937
80007620
80083109
80002333
02229620
80090051
765384

80007620
2241634
2435470
406988
02444062
02423863
02471086
80002122
80007620
8002617
80083109
765384
2040921
80001336
2172909
2448602
80083109
80002546
80083109
2443937
2420538
407011
80083109
765384

2232296
2493500
80058052
80007620
2248307
80083109
80068809
80021855
80002617
406988
80028055
2040921
80039378
765384
2275546
2374137
80007620
80002617
80083109
2040921
765384
80083109
80083109
765384
02245911
2172909
765384
80083109
80002333
406988
80007620
80083109
765384
80068809
80007620
765384
80061769
00870218
80083109
80077884
80001290
80042491
2409240
765384
02245911
80021855
765384
80007620
80007620
2241634
2472023
406988
80002617
765384
02443937
2506564
2475820
80007620
80083109
02449811
80007620
2241634
2307006
2331489
80007620
80083109
2040921
80002551
80083109
2458543
2458667
80007620
80007620
2172070
80083109

2317680
2040905
2500019
765384
80083109
00031100
653233
80002617
80031495
80007620
80068809
80083109
80083109
02489783
1968106
80007620
406988
80039378
2040921
80113977
80100445
80094914
2172909
80002617
80095747
00833290
80108169
80009878
2040921
406988
80068809
02518732
80007620
80021855
2143445
765384
80083109
80068809
80083109
80083109
2521768
80007620
80109697
80000083
765384
80015552
80021855
80068809
80018564
406988
80002333
00668184
80068809
80009780
2241634
765384
80004841
80083109

80044708
00353418
8002617
80000603
455377
2040921
02439026
2456451
765384
2321696
765384
765384
406988
406988
455377
8002617
765384
02239815
80007620
2040905
80002333
765384
80083109
406988
80083109
80017464
80083109
765384
80083109
765384
80002333
80067448
80068809
765384
80043035
80067708
02172909
80083109
02172909
2040921
765384
2439948
80007620
02453193
687049
80083109
2040921
02172909
80041941
80003384
80024647
80008943
80057587
455377
80021268
80070693
80083109
765384
122823
778907
455377
2446928
02446928
406988
02459973
02518732
80083109
80007620
80003210
80068809
02471469
2441829
2040921
80001290
02492415
765384
80056642
80068809
765384
2040921
80039378
80039378
2432943
80083109
765384
80083109
80002617
2471027
765384
80083109
765384
297666
2040921
2172909
80021855
765384
00532479
455377
765384
2241634
2040921
00532479
80021855
00691003
80021855
765384
80068809
80057587
80068809
80022455
765384
80025021
80000834
80046821
00039853
80083109
80083109
765384
02321556
02487381
02459957
765384
80021855
80083109
80090051
02438984
00021695
2241634
80083109
80068809
2451239
80063083
80002617
80000834
80018564
2457776
2516535
80083109
80083109
80007620
80002333
80007620
80083109
80039378
2321696
80083109
80039378
2533057
80117032
80068809
2237726
80001336
2533057
2241634
122645
406988
2471469
2506564
2467860
80083109
2245860


765384
2241634
406988
2275074
2171228
80007620
02309858
2237279
765384
80083109

2481189
2237726

80000834
80007620
80030004
80005878
80039378
80076511
80026942
80068809
2449498
2237726
406988
80007620
80061769
2516349
406988
2245385
80007620
02233146
896411
80007620
2470683
2461757
2432919
2444844
2492415
80002617

80068809
559393
2172909
80068809
80000111
80021855
80002333
80007620
80068809
2040921
765384
8002617
80000083
80073182
00017841
80021855
80002546
406988
80016965
80085244
80007620
80016965
80004637
02480964
2443937
00532479
00217158
80002333
765384
2449811
2443945
80083109
2509423
2317680
02444062
80007620
406988
80015467
80068809
80057587

80083109
80068809
80000111
80007620
2456451
2241634
2443937
2446928
02162822
2518058
80068809

80002333
80039378
80021855
80083109
765384
80007620
80021855
80070294
02230595
80052321
2247620
80003210
80068809
80078530
80007620
2040921
2524910
80083109
2409291
2500582
80002617
80000083
80007620
765384
2438917
80016965
765384
80083109
2354608
2245385
559393
80004370
80028197
80083109
765384
02172909
8002617
80048299
765384
2172909
80021855
80003210
80068809
80083109
80083109
765384
80016965
2471469
80040528
80083109
80000834
559393
80083109
80004044
2317680
406988
80083109
765384
80083109
80007620
80031495
02440342
765384

2435381
2241497
80083109
765384
406988
2040921
2040921
02245911
8002617
80001088
455377
80035321
80021855
765384
80068809
02456230
80007620
2435462
80044606
406988
741183
2465302
2472015
2471469
80002617
80083109
80083109
765384
80009412
80042491
80068809
80014401
80011854
80122357
80029654
80059713
668427
80054866
2040921
80111356
80001088
2242303

80083109
2492156
2040921
765384
80083109
2391619
80007620
80007620
406988
80083109
2321696
80016965
2040905
455377
80003210
765384
80001336
2176955
80047138
297666
80002333
00154032
80021855
765384
80083109
80069493
00532479
765384
2172909
2040921
2263211
5606
80083109
80007620
406988
2493578
2451239
80002617
765384
80057587
80059101
80039378
80014247
02443937
2467860
02245911
80063083
2321696
80083109
80083109
80083109
80003210
80021855
80001336
80068809
2040905

80068809
765384
80002333
80083109
80083109
1945157
2453223
80083109

80063083
80017917
8002617
80000334
765384
406988
80068809
80084014
80046010
80047274
80047274
80089861
80047274
80017620
80044606
2327856
80007620
80022455
80083109
80000834

80007620
02455013
80007620

2440342
80007620
2432927
80017464
80022455
80002617
80021855
2243919
765384

2374137
2321696
80083109
406988
765384
80083109
2322951
2040921
8002617
80007620
80076790
80063662
80003210
80083109
2451239
80083109
2497859
80083109
2519127
2040875
297666
765384
80021855
80057587
80002617


80018684
2412977
80000834
02374137
2241634
80007620
406988
2241634

765384
80000111
80002333
2048701
2453770
80007620
80068809
80083109
765384
02503697
425362
80083109
80068809
80007620
80021855
406988
765384
80007620
80056642
02439026
02172909
2172909
80114523
80016965
318973
80039378
80007620
406988
406988
80000011
80083109
765384
02166704
02238704
80001014
80083109
80083109
02467860
02506564
80068809
02248743
80068809
2040921
02248879
02467860
02471469
406988
80083109
765384
02443937
80044606
765384
80005579
312800
2172909
80021855
80002333
80083109
80018654
02435411
406988
122823
2339099
80007620
2458667
80068809
2461528
2432943
80083109
765384
2172909
80061769
80068809
80044606
406988
02467860
2374757
80007620
2241634
80000083
80083109
765384
80000834
406988
2241634
2468425
80021855

02245911
80017620
2321696
02245911
2321696
02245911
80083109
765384
02435411
02242261
2241634
2172097
80044606
406988
80002333
765384
2241634
2040921
2262924
02171228
2469871
02320673
00559407
2443937
00172944
765384
02172909
122823
80021855
2465612
80003210
80000083
80070693
80007620
80083109
2441888
80003210
2275538
2346672
765384
02374137
80000083
80089616
80007620
122823
80003210
80083109
80068809
2505223
02443937
02448572
80068809
80006091
80001336
02446928
406988
765384
80021855
406988
80068809
02171228
2435381
80002333
406988
2354004
406988
765384
80016965
80083109
2099683
2321696
765384
2520141
312800
2238316
765384
2040921
406988
2517779
80083109
2048965
80061769
02317680
406988
80007620
80068809
02248743
80021855
80061769
312800
02246040
2477041
02461323
80083109
80015552
2241634
406988
455377
02443937
02467860
2414570
02231214
80007620
2172909
80021855
406988
765384
2391619
2406020
765384
2237726
80083109
2244344
2481863
2245860
2331624
80006299
80003210
80068809
765384
80007620
80001336
02446928
02435462
2518821
02495732
80003210
80007620
00031100
406988
2470225
896411
2384132
80083109
618640
765384
318973
02435411
80007620
02443937
2241634
2241634
2045702
80000834
80017464
406988
765384
2172070
406988
02172909
80017035
00532479
02248743
765384
80021855
02439026

02388944
02162822
02471469
02376946
02446928
406988
406988
765384
02446928
765384
2489457
00017841
02374137

406988
02435462
2451824
80083109
406988
80019533
80002333
80068809
80002546
406988
80083109
406988
80003210
455377
765384
2446561
02172909
00793167
765384
765384
80001147
2481200
2040905
80068809
80003210
80000269
765384
765384
80083109
406988
80083109
406988
80083109
80031495
80016965
80068809
80132649
80002333
02231214
00532479
406988
765384
2241634
80079874
406988
2040905
80000083
02326795
406988
80007620
765384
2448599
80007620
2487403
765384
765384
80000111
80002333
02231214
80000834
2040921
765384
765384
80083109
80002333
2320177
2402769
2244022
2397072
02455951
1927795
2172070
406988
765384
2241634

2031094
2469820
2458659
80007620
2517841
02457393
00668184
80021855
765384
2040921
80007620
00017841
2443945
2444186
406988
80004260
2472015
2333856
765384
02348888
02287072
02381176
02402874
2361663
02415917
02162822
2443945
406988
00532479
80000111
02172909
455377
80021855
2040921

406988
765384
2040921
02245911
80068809
02471469
02493373
02506564
765384
02435462
80007620
2443937
765384
80068809
80083109
2040875
02049694
80002333
02231214
00668184
80001336
80021855
80002546
02473097
2477963
02381176
2257882
2523795
80018540
80044606
80021855
80028197
80000334
80007620
80002333
02443937
2495597
406988
2040905
80000111
80003210
80021855
02446928
80000111
406988
80083109
80021855
80009878
80048594
80039025
2040875
2241634
80083109
2172909
2479508
02438984
2517795
02245911
406988
80083109
2467860
2506564
741183
02441659
80001336
80002333
2463768
406988
80083109
80028197
80021855
80007620
406988
2172909
80068809
80015552
406988
02446928
2172909
2495732
80021855
2465612
2446928
02443937
02321556
80002333
80083109
765384
80009595
406988
80004044
80021855
122823
80000241
80033505
80122357
765384
80014464
80002617
80083109
80083109
765384
80083109
80021855
80007620
2507374
2458667
406988
80083109
2477653
2040921
2172909
80000834
80016965
80001088
2458691
2237726
2040905
2393190
80083109
80007620
2172062
406988
765384
80083109
2506564
765384
80026719
80029301
80044606
80055098
80083109
80068809
80083109
2241634
02245911
2040875
02435462
318973
80015552
407011
02381176
455377
02252279
2401142
2548089
2248088
765384
406988

406988
2321696
80003210
80055882
80057587
80038005
2241634

21679
80083109
2172909
2040921
2470365
2321696
8002617
765384
80001147
2172909
80083109
2040921
80083109
80002551
80021855
406988
80007620
559393
80023383
80022455
80021855
80002333
80000241
765384
80068809
2317680

00430838
80007620
765384
02432919
2492822
80001290
80057587
80002617
406988
406988
2176955
2441888

765384
406988


765384
02308983
2443937
765384
80002546
80016965
453811
2382563
406988
765384
80003210
80007620
80002333
80002546
80021855
765384
80007620
80017464
318973
2182750
80083109
02374137
80007620
02446928
80083109
80007620
02231214
80055882
00682667
80002551
80022455
80002333
02489236
02435470
2243239

80003210
80007620
2495155
765384

2525518

2398273
2344351
80016965
2441489
455377
297666
406988
02172909
80001290
80083109
765384
2237726
80052702
80083109
02443937
2471469


80068809
80070693
80021855
2040875
80083109
80068809
765384
80003210
2481685
407011
2353377
2353377
2241634
2348748
2430118
2430118
765384
406988
80007620
2176955
2150328
80083109
2040921
2040905
80083109
2040905
297666
2040905
2356783
80068809
80000111
2385783
02376946
2150328
80069771
80083109
80063083
80068809
765384
2040905
80000083
80083109
80083109
765384
80007620
02068117
02459957
2487381
2237726
1933531
80021855
80002333
765384
80068809
80044606
765384
406988
2241634
80068809
80001441
80015552
80007620
02246362
406988
406988
80083109
80068809
80083109
80007620
2484870
2443937
2237726
2471469
559393
80033505
02435462
765384

80007620
80083109
80083109
80068809
8002617
80002987
765384
80006416
1933531
02455404
02471469
02451530
765384
406988
80039378
80000269
2237726
2435411
80083109
2040875
406988
80016965
80063083
318973
2462850
02245911
406988
406988
406988
80007620
2385619
80002333
80068809
80018073
80000011
568562
02231214
80072133
80022455
02326795
80083109
402680
80007620
8002617
765384
2040921
2040875
2473062
2533057
2483300
80090051
80083109
406988
2241634
80083109
765384
8002617
406988
455377
80003210
80083109
765384
02343541
2470438
80021855
80068809
2457768
80002333

765384
80060613
80000083
765384
80009761
80119359
80068809
765384
765384
80001388
455377
02445875
80028056
02161192
80021855
765384
80120962
00532479

80055061
80061769
765384
2237726
80007620
02229620
80022455
80083109
2241634
406988
02245911
765384
80022455
80083109
80000834
02381176
80004123
02282445
80083109
80007620
2438275
2446936
2446944
2507749
2461331
80028648
765384
80060745
80015552
80083109
406988
80017464
765384
80068809
2150328
80083109
80016965
2438275
2375958
2172070
406988
80083109
2241634
80083109
2471027
2321696
02273969
2451239
765384
80083109
02173344
80083109
80090712
554987
80085370
80038026
80057587
80080523

80092165
2451239
2242303
80024647
2172909
80021855
80000241
80004623
80011736
406988
80003319
80083109
80068809
80007620
80002617
765384
2241007
80083109

80057587
02438275
2321696
00294322
02381176
80004044
80007620
02172909
765384
2040921
80083109
02443937
2458667
80083109
741183
741183

80068809
80002546
80083109
2486369
2150328
2458977
02459957
80083109
2172909
80083109
406988
2470691
2471469
2549220
559393
2040875
765384
02231214
00555126
80001290
80002333
80083109
765384
406988
80002333
765384
80083109
2249781
80083109
2241634
80083109
2040905
02416417
2439344
2362406
02346486
02162822
02255316
406988
2286610
02326795
80068809
80003210
2241634

2451239
2493578
2213192

80021855

2229746

80007620
2456230
765384
80007620
80016965
765384
00878901
80083109
2132702
80007620
80021855

80083109

312800
80007620
765384
80068809
455377
80007620
80083109
80021855
765384
80083109
765384
80022455
80021268
80003221
80001336
2407590
80027299
80000111
80002333
80083109
80083109
765384
80039378
80002551
80007620
2040905
2040905
80068809
80003210
2040921
80015552
122823
297666
80009878

765384
80083109
80083109
765384
80083109
765384
2237726
02455404
2471469
80007620
80083109
2247162
80083109
80000834
80007620
02245911
80002551
2040875
80083109
02453150
80007620
80063083
406988
80015552
80007620
2343541
2477963
80083109
80022161
80061769
80001290
02172909
02343541




02237145
80083109
2273950
00532479
455377
2172909
80122357
80009377
80021855
765384
80009089
80083109
2040921
00532479
80061769
00668184
02435462
2515849
2435470
354317
80021855
765384
80083109
80076790
80063662
02326795
2247162
02245911
2172909
02171228
80021855
765384
00532479
80083109
80083109
80083109
80024411
02429446
80016965
80083109
2241634
80083109
80001317
318973
406988
80015914
2321696
80083109
80083109
80003210
80006410
2453770
2172909
406988
765384
80028197
80083109
80007620
80007620
80000083
80028197
80021855
80007620
765384
80083109
80041772
406988
80003210
80070693
80000269
80061769
80083109
765384
80021855
80007620
80021268
80016965
80041772
80007620
2040921
80057587
765384
407011
406988
765384
406988
80055526
2241634
406988
02507366
80002333
2518821
406988
00426849
80083109
02248743
2229746
80021855
80062621
2470446
765384
2040875
297666
80057587
80021855
8002617
80083109
80068809
80016965
80083109
80007620

02245911
80007620
765384
80003210
80014247
80002333
455377
765384
80007620
496480
2356694
765384
80007620
765384
80083109
765384
80002333
80083109
80083109
80083109

00668184
80021855
80006156


00532479
80007620
80007620
765384
80007620
2310899
765384
455377
2040875

80007620
406988
02469898
02467860
80083109
80083109
80000111
80001290
2533057
2506564
2446057
2492415
2441829
80002626
2493578
80007620
80083109
765384
406988
80083109
02248537
80021855
80083109
80001336
80002333
80083109
00532479
80068809
80018654
80068809
80002617
441775
80083109
02501600
80083109
2481189
2477351
02299712
80002333
80001290
80083109
80007620
80000011
80007620
80068809
80061769
80021855
765384
02172909
80036833
80082630
80083109
765384
2479672
80012861
80064199


80083109
80021855
2432919
2451239
80083109
80000083
80083109
765384
80007620
80006091
765384
406988
80083109
80001147
2143445
80021855
80083109
02471027
2321696
80002333
765384
80007620
80007620
80007620
80015847
02245911
80068809
80083109
80013802
2172100
406988
765384
80007620
80064199
406988
02443937
406988
80083109
80039378
765384
80083109
406988
02245911
80039378
80083109
80083109
2432919
80061769
80068809
765384
80002333
80017464
80007620
406988
80007620
80016965
80078681
02230485
80007620
80083109
80083109
80083109
80083109
406988
00532479
80002333
80063083
80072924
80016965
80039378
80083109
80049309
80016965
80002333
80021855
80000148
80009377
02231214
80117692
80053732
80073795
80061769
80000825


80083109
2479516
2439956
80007620
02138670
888524
80083109
80003210
455377
80007620
80022455
80083109
2321696
2237726
2346672
80002333
765384
80003210
80022455
80029881
80044606
80083109
80068474
80068809


2040921
80105947

02041413
02377934
02284847
02385813
2457741
02247386
02376946
2237726
02284383
02301075
02399032
2243588
00887064
80083109
2245385
2348853
608882
02449811
02244291
02290375
00017841
02347997
80083109
80122451
80007620
765384
2040921
765384
80083109
80083109
2170698
318973
765384
2150328
80083109
765384
80007620
586668
2321696

02471027
2457393
765384
80083109
80083109
02236958
2321696
80007620
80083109
80083109
00017841
80007620
92622
80091504
406988
80061769

02479877
455377
80007620
80083109
00793167
00532479
02423596
02371146
80007620
80007620
765384
271373
765384
80083109
80000111
80083109
80007620
765384
80002333
80004529
00668184
765384
80002551
80007620
2040921
80083109
80083109
80014401
00532479
2241634
309702
80021855
2470233
559393
765384
02374137
80002333
80068809
02172909
80083109
02245911
2172909
02459299
2451239
2269198
80083109
2321092
2412950
80007620
80083109
80007620
02479605
2437570
02409410
80083109
80070693
2242303
406988
80007620
80083109
406988
406988
80083109
80000834
80028197
2172909
80083109
406988
765384
80007620
80068809
80056642
2040921
02245911
2354551
80021855

80061769
80083109
80083109
2040921
2040921
765384
80083109
80083109
80001336
02443937
406988
80007620
2471469
2467860
407011
80083109
2040921
80083109
2363399
2493578
80083109
80003210
80001336
80000834
765384
80083109
02437899
8002617
80007620
80057587
80013652
80083109
2048965
406988
765384
80083109
80083109
2423596
80002617
80132909
80007620
80068809
2040905
80000834
80003210
80000111
765384
80015552
80016965
02231214
554987
80083109
2518058
407011
765384
80083109
80041320
2172909
765384
80083109
80002551
80017620
406988
80083109
559393
80083109
2240910
2245385
02496933
2457741
2237726
80000111
80083109
765384
765384
00668184
80021855
80024146
02472015
80083109
406988
8002617
406988
80083109
80003210
80083109
2343541
80014401
80004610
80007620
80002617
80083109
2443945
80007620
80083109
80016965
2455323
2443945
2469871
2444844
2471469
407011
2241634
80007620
406988
765384
80016965
2451239
2496135
2432889
80083109
80007620
80000023
80078530
02326795
80007620
2508656
02254719
80007620
80118549
80083109
80016093
02245911
80083109
80021855
765384
8002617
00532479
80044606
2453770
80083109
80000111
2437082
80068809
80007620
80083109
80057587
80065754
80083109
80007620
80021855
80007620
02470225
80083109
2451239
554987
80007620
2040875
765384
80068809
80003210
406988
80083109
80002333
80000083
80068809

80007620
765384
80083109
80002333
80021268
2458144
80068809
2437899
80007620
2241634
406988
80068809
765384
80002333
80061769
765384
406988
765384
80083109
80022455
80007620
80034964
80047412
80036494
80105670
80083109
318973
80064199
406988
765384
899356
80083109
2284030
765384
2479427
80083109
2172909
02453193

80094090
80003210
2321696
2321696
02451921
02451913
80007620
765384
406988
02521768
2451530
406988
80083109
80070693
2451239
80083109
406988
765384
80083109
765384
02233315
765384
80083109
2040921
80083109
80029881
80083109
80017464
80032608
2241634
765384

2435381
80007620
765384
80001336
80007620
80004370
02449048
2040875
80070693
2454130
406988
80000111
360279
8002617
80063464
2435411
02446928
765384
80002333
765384
80083109
80068809
559393
2322498
2322498
80083109
00668184
765384
80015552
02171228
02245911
2040875
2279215
80083109
765384
406988
80001088
02171228
2337975
02365197
765384
80039378
765384
406988
80021855
80000269
80039949
02317893
80068809
765384
80003210
00426849
765384
2449811
765384
80076790
80016825
80124660
765384

80068809

80005243
765384
2040921
80068809
2048965
80022161
80021855
297666
00532479
80083109
80054452
80017548
80083109
2244353
2467887
02446561
406988
80026579
765384
02241818
455377
2321696
765384
80083109
765384
2040921
297666
80003210
80021855
406988
80022455
80083109
80083109
765384
455377
80083109
8002617
2172909
80083109
2498073
2516004
2402874
406988
80007620
765384
765384
765384
2172100
765384
2409720
406988
455377
80021855
80083109
80002546

00521248
02507366
80021855
765384
80007620
2241634
80083109
489867
2040921
80079298
80114305
80055187
80004795
2040921
2172909
765384
2040905
2242303
455377
80006313
80083109
80007620
2321696
2245246
80002617
80021855
455377
765384
2040921
80068809
80021855
80006846
80028648
80064879
80002617
80007620
02245911
406988
80016965
80083109
80083109
80066164


80061769
80083109
318973
80083109
80039378
80000083
406988
80002333
80083109
80083109
2237726
80009761
765384
80083109
80016965
2296527
80015586
80057587

02231214
80002617
80003210
80010071
80001336
80021855
02453754
80007620
02246040
80025624
2040921
2130963
2245211
80068809
80002617
80000834
406988
80083109
80007620
02432919

2321696
02467860
407011
2470225
80007620
80063083
122823
80031495
02230606
80017548
80120115
00532479
80002333
2500019
80083109
80048427
559393
483923
406988

02172909
80056642
765384
80021855
2040875
02172909
80083109
80068809
8002617
00658383
80002333
80083109
2244291
2467860
2461323
80068809
80002333
2470233
765384
765384
80001088
80078530
02172909
80083109
00532479
765384
80000083
1933531
80000022

80021855
80002546
02231214
80015993
2299712
2443937
80055526
2446944
2241634
80021855
80006594
80057587
8002617
406988
80007620
1933531
80083109
2443945
765384
406988
80007620
02443937
2493578

80002654
2453355
80007620
02471469
80007620
455377
80004529
80023637
80000083
80061769
80063083
80068809
80021218

80056050
2170698
80002546
02245911
80055882
765384
765384
80083109
80058460
765384
02231214
00532479
765384
80068809
8002617
2040921
80068809
80047274
2303922

80032405
80014707
80083109
2241634
02443937
2471469
2470675
2241634
406988
80068809
80007620
80083109
02507366
2326450

80007620
2040905
80002333
406988
765384
2040921

80022455
80068809
80083109
02350750
02469421
632734
80083109
80021855
80022727

80068809
2493578
2321696
80068809
80021855
80002333
2040875
406988
765384
765384
80002333
2150328
2040905
80007620
80007620
2493047
80007620
406988
80009878
80068809
80015552
2459833
765384
2040921
80003210
406988
2172909

2321696
765384
80007620
2313707
2478579
2172909
2397072
2457741
00477133
80083109
02432919
2423863
80083109
2040875
80068809
80013652
80124682
2471469
02245911
2443937
80068809
80021855
80083109
00532479
2509423
2415208
2230711
2245669
2487381
80000834
2429446
2470691
2472910
2443473
80002617
80109697
559393
80002617
80021855
80068809
80028197
406988
80083109
318973
80068809
765384
02248743
80000241
80000111
80006091
80068809
2172909
80002333
02435462
2453614
2419890
80021855

02151588
80046635
02246191
80057587
80026948
8002617
80083109
2474522
2242497
2339099
406988
765384
765384
2040905
02231214
80083109
765384
2237726
765384
80021855
8002617
80002100
80068809
765384
80057587
2172909
80002617
2040921
80003210
80068809
80021855
80083109
765384
80004044
2040921
80068809
80021855
2040905
80068809
2241634
2469421
2241634
80083109
80068809
80083109
80024976
406988
406988
2451239
2457393
1910299
2460408
2441829
80068809
02444844
02471469
2492415
80083109
02254719
02471469
2492156
2223546
02240743
80083109
2495244
765384
80028056
80006313
2040921
297666
80009878
765384
80003210
765384
80000834
2242303



80007620
765384
80021855
80083109
80063083
2251574
2327856
765384
80007620
80057587
80000269
406988
80007620
80007620
2321696
80000111
765384
80002333
765384
80002333
80000083
80021855
80103449
80068809
80007620
765384
2243796
2301733
2451239
02166704
80070693
297666
2040921
80021855
455377
80003210
80003210
80083109
80021855
80009089
80021855
80083109
80075903
80045067
80074270
80083109

2456451
80068809
80083109
122645
80034598
2241634
80068809
80000834
765384

2150328
02481189
02463792
80002617
80078274
80006410
00217158
00532479
02248743
2478579
2040921
406988
80068809
00668184
80068809
80000011
80007620
765384
80002617
236101
80000083
02519380
2040875
80002617
80068809
2245913
2493578
765384
2040921
80000083
80059709
2040921
80083109
02519267
80048427
80083109
406988
80039378
80007620
406988
80068809
80007620
80000083
80007620
80052025
80068809
80002333
765384
80022455

80083109
02478579
02471469

2476762
2471469
2473623
80007620
765384
406988
2241634
80009878
80057587
80068809
2040921
80040515
2443945
02236958
765384
80039378
765384
80083109
406988
80002333
318973
2413388
80068809
765384
765384
80068809
80078530
80068809
80021855
00793167
02423596
02446561
80021473
80005243
80021855
765384
80083109
02245911
8002617
80083109
80007620
2370352
2343541
765384
80083109
02229453
80068809
765384
80083109
765384
00532479
80002333
80036016
2150328
765384
80083109
2241634
80063083
80007620
741183
02451530

80005579
80068809
80002333
80007620
80083109
765384
1934139
80068809
2040875
02172909
80000834
80022455
80060408
765384
80083109
80023646
80068809
02381176
2150328
765384
80068809
765384

80007620
80004044
2456575
80083109
2321696
765384
80083109
02246362
2416301
80083109
2416301
80068809
80068809
80122357
8002617
2461757
80000111
80063083
80007620
2304317
02381176
765384
2241634
406988
80083109
2293811
2225964
2481677
02171228
2363399
02348772
2245126
2443937
2509415
02432889
2457741
02321556
02326795
02381176
80068809
80001088
80003210
80002333
80021855
00532479
765384
80068809
02172909
406988
2143445
80000083
80068809
80007620
02498685
2432943
2241634
2537532
80002617
80007620
765384
2040905
80002617
80007620
80002333
80002333
80047274
80054840
80068809
2415771
765384
765384
122823
765384
80039378
80021855
765384
02231214
80083109
80057587
2453762
2432943
765384
80002333
02172909


406988
00668184
80054325
80083109
80083109
765384
80021855
455377
80015552
80083109
765384
80007620
2150328
80068809
80021855
80033505
2242303
878928
441775
02223546
80007620
80002333
2040875
80021855
80068809
80003210
2348063
80007620
8002617
80068809
1927744
765384
80083109
2434334
02237425
765384
80000334
80002551
80002617
2040921
80070693
80068809
80083109
2240113
2456230
80022455
765384
80001336
80007620
2040921
309702
80007620
406988
80001290

80022727
318973
2470225
2321696
765384
80083109
2241149
80007620
2040921
02471469
80083109
80068809
80111722
2525569
2414759
2432927
2438917
02487454
2298589
2272830
2495244
2443945
2471469
2322498
2223546

2179660
80021855
80061769
02244258
80039378
80000834
80007620
406988
80003210
455377
80059101
80001747


80003254
80033268
80039378
80046635
80017504
80045259
02162822
02443937
80021855
2040921
80083109
80068809
80015552
2471469
00532479
406988
80068809
80001441
2454130
2443937
2048965
2470225
80057587
80084271
02443937
02444844
80021855
80020982
765384
80046852
80057587
2176955
80007106
80026561
80000011
80021855
80003210
455377
2172909
765384

2237726
02309858
406988
80083109
00532479
80083109
406988
00017841
02443937


02471469
2247651
2271443
02238704
02166704
02223546
2143445
80021855
00217158
2289288
765384
765384
765384
80000111
2446057
02443929
2453355
2462486
80022550
80112429
765384
80001088
02284804
2434407
80083109
80068809
2527197
80070827
765384
80014829
80002617
2040875
80021855
80003232
80061557

2242303
80009377
80021855
297666
406988
2531569
765384
80007620
406988
765384
406988
02240743


80068809
80001088
00668184
00532479
80021855
02248743
2040921
00532479

